,school,sex,age,address,famsize,Pstatus,Medu,Fedu,Mjob,Fjob,reason,guardian_mat,traveltime_mat,studytime_mat,failures_mat,schoolsup_mat,famsup_mat,paid_mat,activities_mat,nursery,higher_mat,internet,romantic_mat,famrel_mat,freetime_mat,goout_mat,Dalc_mat,Walc_mat,health_mat,absences_mat,G1_mat,G2_mat,G3_mat,guardian_por,traveltime_por,studytime_por,failures_por,schoolsup_por,famsup_por,paid_por,activities_por,higher_por,romantic_por,famrel_por,freetime_por,goout_por,Dalc_por,Walc_por,health_por,absences_por,G1_por,G2_por,G3_por
0,GP,F,18,U,GT3,A,4,4,at_home,teacher,course,mother,2,2,0,yes,no,no,no,yes,yes,no,no,4,3,4,1,1,3,6,5,6,6,mother,2,2,0,yes,no,no,no,yes,no,4,3,4,1,1,3,4,0,11,11
1,GP,F,17,U,GT3,T,1,1,at_home,other,course,father,1,2,0,no,yes,no,no,no,yes,yes,no,5,3,3,1,1,3,4,5,5,6,father,1,2,0,no,yes,no,no,yes,no,5,3,3,1,1,3,2,9,11,11
2,GP,F,15,U,LE3,T,1,1,at_home,other,other,mother,1,2,3,yes,no,yes,no,yes,yes,yes,no,4,3,2,2,3,3,10,7,8,10,mother,1,2,0,yes,no,no,no,yes,no,4,3,2,2,3,3,6,12,13,12
3,GP,F,15,U,GT3,T,4,2,health,services,home,mother,1,3,0,no,yes,yes,yes,yes,yes,yes,yes,3,2,2,1,1,5,2,15,14,15,mother,1,3,0,no,yes,no,yes,yes,yes,3,2,2,1,1,5,0,14,14,14
4,GP,F,16,U,GT3,T,3,3,other,other,home,father,1,2,0,no,yes,yes,no,yes,yes,no,no,4,3,2,1,2,5,4,6,10,10,father,1,2,0,no,yes,no,no,yes,no,4,3,2,1,2,5,0,11,13,13
5,GP,M,16,U,LE3,T,4,3,services,other,reputation,mother,1,2,0,no,yes,yes,yes,yes,yes,yes,no,5,4,2,1,2,5,10,15,15,15,mother,1,2,0,no,yes,no,yes,yes,no,5,4,2,1,2,5,6,12,12,13
6,GP,M,16,U,LE3,T,2,2,other,other,home,mother,1,2,0,no,no,no,no,yes,yes,yes,no,4,4,4,1,1,3,0,12,12,11,mother,1,2,0,no,no,no,no,yes,no,4,4,4,1,1,3,0,13,12,13
7,GP,F,17,U,GT3,A,4,4,other,teacher,home,mother,2,2,0,yes,yes,no,no,yes,yes,no,no,4,1,4,1,1,1,6,6,5,6,mother,2,2,0,yes,yes,no,no,yes,no,4,1,4,1,1,1,2,10,13,13
8,GP,M,15,U,LE3,A,3,2,services,other,home,mother,1,2,0,no,yes,yes,no,yes,yes,yes,no,4,2,2,1,1,1,0,16,18,19,mother,1,2,0,no,yes,no,no,yes,no,4,2,2,1,1,1,0,15,16,17
9,GP,M,15,U,GT3,T,3,4,other,other,home,mother,1,2,0,no,yes,yes,yes,yes,yes,yes,no,5,5,1,1,1,5,0,14,15,15,mother,1,2,0,no,yes,no,yes,yes,no,5,5,1,1,1,5,0,12,12,13
10,GP,F,15,U,GT3,T,4,4,teacher,health,reputation,mother,1,2,0,no,yes,yes,no,yes,yes,yes,no,3,3,3,1,2,2,0,10,8,9,mother,1,2,0,no,yes,no,no,yes,no,3,3,3,1,2,2,2,14,14,14
11,GP,F,15,U,GT3,T,2,1,services,other,reputation,father,3,3,0,no,yes,no,yes,yes,yes,yes,no,5,2,2,1,1,4,4,10,12,12,father,3,3,0,no,yes,no,yes,yes,no,5,2,2,1,1,4,0,10,12,13
12,GP,M,15,U,LE3,T,4,4,health,services,course,father,1,1,0,no,yes,yes,yes,yes,yes,yes,no,4,3,3,1,3,5,2,14,14,14,father,1,1,0,no,yes,no,yes,yes,no,4,3,3,1,3,5,0,12,13,12
13,GP,M,15,U,GT3,T,4,3,teacher,other,course,mother,2,2,0,no,yes,yes,no,yes,yes,yes,no,5,4,3,1,2,3,2,10,10,11,mother,2,2,0,no,yes,no,no,yes,no,5,4,3,1,2,3,0,12,12,13
14,GP,M,15,U,GT3,A,2,2,other,other,home,other,1,3,0,no,yes,no,no,yes,yes,yes,yes,4,5,2,1,1,3,0,14,16,16,other,1,3,0,no,yes,no,no,yes,yes,4,5,2,1,1,3,0,14,14,15
15,GP,F,16,U,GT3,T,4,4,health,other,home,mother,1,1,0,no,yes,no,no,yes,yes,yes,no,4,4,4,1,2,2,4,14,14,14,mother,1,1,0,no,yes,no,no,yes,no,4,4,4,1,2,2,6,17,17,17
16,GP,F,16,U,GT3,T,4,4,services,services,reputation,mother,1,3,0,no,yes,yes,yes,yes,yes,yes,no,3,2,3,1,2,2,6,13,14,14,mother,1,3,0,no,yes,no,yes,yes,no,3,2,3,1,2,2,10,13,13,14
17,GP,F,16,U,GT3,T,3,3,other,other,reputation,mother,3,2,0,yes,yes,no,yes,yes,yes,no,no,5,3,2,1,1,4,4,8,10,10,mother,3,2,0,yes,yes,no,yes,yes,no,5,3,2,1,1,4,2,13,14,14
18,GP,M,17,U,GT3,T,3,2,services,services,course,mother,1,1,3,no,yes,no,yes,yes,yes,yes,no,5,5,5,2,4,5,16,6,5,5,mother,1,1,3,no,yes,yes,yes,yes,no,5,5,5,2,4,5,2,8,8,7
19,GP,M,16,U,LE3,T,4,3,health,other,home,father,1,1,0,no,no,yes,yes,yes,yes,yes,no,3,1,3,1,3,5,4,8,10,10,father,1,1,0,no,no,no,yes,yes,no,3,1,3,1,3,5,6,12,12,12
20,GP,M,15,U,GT3,T,4,3,teacher,other,reputation,mother,1,2,0,no,no,no,no,yes,yes,yes,no,4,4,1,1,1,1,0,13,14,15,mother,1,2,0,no,no,no,no,yes,no,4,4,1,1,1,1,0,12,13,14
21,GP,M,15,U,GT3,T,4,4,health,health,other,father,1,1,0,no,yes,yes,no,yes,yes,yes,no,5,4,2,1,1,5,0,12,15,15,father,1,1,0,no,yes,yes,no,yes,no,5,4,2,1,1,5,0,11,12,12
22,GP,M,16,U,LE3,T,4,2,teacher,other,course,mother,1,2,0,no,no,no,yes,yes,yes,yes,no,4,5,1,1,3,5,2,15,15,16,mother,1,2,0,no,no,no,yes,yes,no,4,5,1,1,3,5,0,12,13,14
23,GP,M,16,U,LE3,T,2,2,other,other,reputation,mother,2,2,0,no,yes,no,yes,yes,yes,yes,no,5,4,4,2,4,5,0,13,13,12,mother,2,2,0,no,yes,no,yes,yes,no,5,4,4,2,4,5,2,10,10,10
24,GP,F,15,R,GT3,T,2,4,services,health,course,mother,1,3,0,yes,yes,yes,yes,yes,yes,yes,no,4,3,2,1,1,5,2,10,9,8,mother,1,3,0,yes,yes,no,yes,yes,no,4,3,2,1,1,5,2,10,11,10
25,GP,F,16,U,GT3,T,2,2,services,services,home,mother,1,1,2,no,yes,yes,no,no,yes,yes,no,1,2,2,1,3,5,14,6,9,8,mother,1,1,0,no,yes,no,no,yes,no,1,2,2,1,3,5,6,10,11,12
26,GP,M,15,U,GT3,T,2,2,other,other,home,mother,1,1,0,no,yes,yes,no,yes,yes,yes,no,4,2,2,1,2,5,2,12,12,11,mother,1,1,0,no,yes,no,no,yes,no,4,2,2,1,2,5,8,11,12,12
27,GP,M,15,U,GT3,T,4,2,health,services,other,mother,1,1,0,no,no,yes,no,yes,yes,yes,no,2,2,4,2,4,1,4,15,16,15,mother,1,1,0,no,no,no,no,yes,no,2,2,4,2,4,1,0,11,11,11
28,GP,M,16,U,LE3,A,3,4,services,other,home,mother,1,2,0,yes,yes,no,yes,yes,yes,yes,no,5,3,3,1,1,5,4,11,11,11,mother,1,2,0,yes,yes,yes,yes,yes,no,5,3,3,1,1,5,2,12,12,13
29,GP,M,16,U,GT3,T,4,4,teacher,teacher,home,mother,1,2,0,no,yes,yes,yes,yes,yes,yes,yes,4,4,5,5,5,5,16,10,12,11,mother,1,2,0,no,yes,yes,yes,yes,yes,4,4,5,5,5,5,4,12,11,12
30,GP,M,15,U,GT3,T,4,4,health,services,home,mother,1,2,0,no,yes,yes,no,no,yes,yes,no,5,4,2,3,4,5,0,9,11,12,mother,1,2,0,no,yes,yes,no,yes,no,5,4,2,3,4,5,0,10,11,11
31,GP,M,15,U,GT3,T,4,4,services,services,reputation,mother,2,2,0,no,yes,no,yes,yes,yes,yes,no,4,3,1,1,1,5,0,17,16,17,mother,2,2,0,no,yes,no,yes,yes,no,4,3,1,1,1,5,2,15,15,15
32,GP,M,15,R,GT3,T,4,3,teacher,at_home,course,mother,1,2,0,no,yes,no,yes,yes,yes,yes,yes,4,5,2,1,1,5,0,17,16,16,mother,1,2,0,no,yes,no,yes,yes,yes,4,5,2,1,1,5,0,13,14,15
33,GP,M,15,U,LE3,T,3,3,other,other,course,mother,1,2,0,no,no,no,yes,no,yes,yes,no,5,3,2,1,1,2,0,8,10,12,mother,1,2,0,no,no,no,yes,yes,no,5,3,2,1,1,2,0,13,12,12
34,GP,M,16,U,GT3,T,3,2,other,other,home,mother,1,1,0,no,yes,yes,no,no,yes,yes,no,5,4,3,1,1,5,0,12,14,15,mother,1,1,0,no,yes,no,no,yes,no,5,4,3,1,1,5,4,12,12,12
35,GP,F,15,U,GT3,T,2,3,other,other,other,father,2,1,0,no,yes,no,yes,yes,yes,no,no,3,5,1,1,1,5,0,8,7,6,father,2,1,0,no,yes,no,yes,yes,no,3,5,1,1,1,5,4,11,11,11
36,GP,M,15,U,LE3,T,4,3,teacher,services,home,mother,1,3,0,no,yes,no,yes,yes,yes,yes,no,5,4,3,1,1,4,2,15,16,18,mother,1,3,0,no,yes,no,yes,yes,no,5,4,3,1,1,4,0,14,14,14
37,GP,M,16,R,GT3,A,4,4,other,teacher,reputation,mother,2,3,0,no,yes,no,yes,yes,yes,yes,yes,2,4,3,1,1,5,7,15,16,15,mother,2,3,0,no,yes,no,yes,yes,yes,2,4,3,1,1,5,4,13,13,13
38,GP,F,15,R,GT3,T,3,4,services,health,course,mother,1,3,0,yes,yes,yes,yes,yes,yes,yes,no,4,3,2,1,1,5,2,12,12,11,mother,1,3,0,yes,yes,no,yes,yes,no,4,3,2,1,1,5,2,11,12,12
39,GP,F,15,R,GT3,T,2,2,at_home,other,reputation,mother,1,1,0,yes,yes,yes,yes,yes,yes,no,no,4,3,1,1,1,2,8,14,13,13,mother,1,1,0,yes,yes,no,yes,yes,no,4,3,1,1,1,2,8,14,13,12
40,GP,F,16,U,LE3,T,2,2,other,other,home,mother,2,2,1,no,yes,no,yes,no,yes,yes,yes,3,3,3,1,2,3,25,7,10,11,mother,2,2,0,no,yes,no,yes,yes,yes,3,3,3,1,2,3,16,11,11,10
41,GP,M,15,U,LE3,T,4,4,teacher,other,home,other,1,1,0,no,yes,no,no,no,yes,yes,yes,5,4,3,2,4,5,8,12,12,12,other,1,1,0,no,yes,no,no,yes,yes,5,4,3,2,4,5,8,10,11,11
42,GP,M,15,U,GT3,T,4,4,services,teacher,course,father,1,2,0,no,yes,no,yes,yes,yes,yes,no,4,3,3,1,1,5,2,19,18,18,father,1,2,0,no,yes,no,yes,yes,no,4,3,3,1,1,5,0,14,15,15
43,GP,M,15,U,GT3,T,2,2,services,services,course,father,1,1,0,yes,yes,no,no,yes,yes,yes,no,5,4,1,1,1,1,0,8,8,11,father,1,1,0,yes,yes,no,no,yes,no,5,4,1,1,1,1,0,9,10,10
44,GP,F,16,U,LE3,T,2,2,other,at_home,course,father,2,2,1,yes,no,no,yes,yes,yes,yes,no,4,3,3,2,2,5,14,10,10,9,father,2,2,1,yes,no,no,yes,yes,no,4,3,3,2,2,5,14,10,11,11
45,GP,F,15,U,LE3,A,4,3,other,other,course,mother,1,2,0,yes,yes,yes,yes,yes,yes,yes,yes,5,2,2,1,1,5,8,8,8,6,mother,1,2,0,yes,yes,yes,yes,yes,yes,5,2,2,1,1,5,4,10,11,11
46,GP,F,16,U,LE3,A,3,3,other,services,home,mother,1,2,0,no,yes,no,no,yes,yes,yes,no,2,3,5,1,4,3,12,11,12,11,mother,1,2,0,no,yes,no,no,yes,no,2,3,5,1,4,3,6,13,12,13
47,GP,M,16,U,GT3,T,4,3,health,services,reputation,mother,1,4,0,no,no,no,yes,yes,yes,yes,no,4,2,2,1,1,2,4,19,19,20,mother,1,4,0,no,no,no,yes,yes,no,4,2,2,1,1,2,2,17,17,17
48,GP,M,15,U,GT3,T,4,2,teacher,other,home,mother,1,2,0,no,yes,yes,no,yes,yes,no,no,4,3,3,2,2,5,2,15,15,14,mother,1,2,0,no,yes,no,no,yes,no,4,3,3,2,2,5,4,11,12,13
49,GP,F,15,U,GT3,T,4,4,services,teacher,other,father,1,2,1,yes,yes,no,yes,no,yes,yes,no,4,4,4,1,1,3,2,7,7,7,father,1,2,0,yes,yes,no,yes,yes,no,4,4,4,1,1,3,2,13,12,12
50,GP,F,16,U,LE3,T,2,2,services,services,course,mother,3,2,0,no,yes,yes,no,yes,yes,yes,no,4,3,3,2,3,4,2,12,13,13,mother,3,2,0,no,yes,no,no,yes,no,4,3,3,2,3,4,0,14,13,13
51,GP,F,15,U,LE3,T,4,2,health,other,other,mother,1,2,0,no,yes,yes,no,yes,yes,yes,no,4,3,3,1,1,5,2,11,13,13,mother,1,2,0,no,yes,no,no,yes,no,4,3,3,1,1,5,0,16,14,16
52,GP,M,15,U,LE3,A,4,2,health,health,other,father,2,1,1,no,no,no,no,yes,yes,no,no,5,5,5,3,4,5,6,11,11,10,father,2,1,0,no,no,no,no,yes,no,5,5,5,3,4,5,4,10,9,9
53,GP,F,15,U,GT3,T,4,4,services,services,course,mother,1,1,0,yes,yes,yes,no,yes,yes,yes,no,3,3,4,2,3,5,0,8,10,11,mother,1,1,0,yes,yes,no,no,yes,no,3,3,4,2,3,5,0,13,12,12
54,GP,F,15,U,LE3,A,3,3,other,other,other,mother,1,1,0,no,no,yes,no,yes,yes,yes,no,5,3,4,4,4,1,6,10,13,13,mother,1,1,0,no,no,no,no,yes,no,5,3,4,4,4,1,0,13,12,13
55,GP,F,16,U,GT3,A,2,1,other,other,other,mother,1,2,0,no,no,yes,yes,yes,yes,yes,yes,5,3,4,1,1,2,8,8,9,10,mother,1,2,0,no,no,no,yes,yes,yes,5,3,4,1,1,2,2,12,13,12
56,GP,F,15,U,GT3,A,4,3,services,services,reputation,mother,1,2,0,no,yes,yes,yes,yes,yes,yes,no,4,3,2,1,1,1,0,14,15,15,mother,1,2,0,no,yes,no,yes,yes,no,4,3,2,1,1,1,0,15,14,15
57,GP,M,15,U,GT3,T,4,4,teacher,health,reputation,mother,1,2,0,no,yes,no,yes,yes,yes,no,no,3,2,2,1,1,5,4,14,15,15,mother,1,2,0,no,yes,no,yes,yes,no,3,2,2,1,1,5,8,15,15,16
58,GP,M,15,U,LE3,T,1,2,other,at_home,home,father,1,2,0,yes,yes,no,yes,yes,yes,yes,no,4,3,2,1,1,5,2,9,10,9,father,1,2,0,yes,yes,no,yes,yes,no,4,3,2,1,1,5,0,14,13,14
59,GP,F,16,U,GT3,T,4,2,services,other,course,mother,1,2,0,no,yes,no,no,yes,yes,yes,no,4,2,3,1,1,5,2,15,16,16,mother,1,2,0,no,yes,yes,no,yes,no,4,2,3,1,1,5,2,16,15,16
60,GP,F,16,R,GT3,T,4,4,health,teacher,other,mother,1,2,0,no,yes,no,yes,yes,yes,no,no,2,4,4,2,3,4,6,10,11,11,mother,1,2,0,no,yes,no,yes,yes,no,2,4,4,2,3,4,0,17,16,16
61,GP,F,16,U,GT3,T,1,1,services,services,course,father,4,1,0,yes,yes,no,yes,no,yes,yes,yes,5,5,5,5,5,5,6,10,8,11,father,4,1,0,yes,yes,no,yes,yes,yes,5,5,5,5,5,5,0,10,10,16
62,GP,F,16,U,LE3,T,1,2,other,services,reputation,father,1,2,0,yes,no,no,yes,yes,yes,yes,no,4,4,3,1,1,1,4,8,10,9,father,1,2,0,yes,no,no,yes,yes,no,4,4,3,1,1,1,0,13,13,10
63,GP,F,16,U,GT3,T,4,3,teacher,health,home,mother,1,3,0,yes,yes,yes,yes,yes,yes,yes,no,3,4,4,2,4,4,2,10,9,9,mother,1,3,0,yes,yes,no,yes,yes,no,3,4,4,2,4,4,0,14,13,13
64,GP,F,15,U,LE3,T,4,3,services,services,reputation,father,1,2,0,yes,no,no,yes,yes,yes,yes,yes,4,4,4,2,4,2,0,10,10,10,father,1,2,0,yes,no,no,yes,yes,yes,4,4,4,2,4,2,0,13,12,12
65,GP,F,16,U,LE3,T,4,3,teacher,services,course,mother,3,2,0,no,yes,no,yes,yes,yes,yes,no,5,4,3,1,2,1,2,16,15,15,mother,3,2,0,no,yes,no,yes,yes,no,5,4,3,1,2,1,2,16,15,16
66,GP,M,15,U,GT3,A,4,4,other,services,reputation,mother,1,4,0,no,yes,no,yes,no,yes,yes,yes,1,3,3,5,5,3,4,13,13,12,mother,1,4,0,no,yes,no,yes,yes,yes,1,3,3,5,5,3,0,11,12,12
67,GP,F,16,U,GT3,T,3,1,services,other,course,mother,1,4,0,yes,yes,yes,no,yes,yes,yes,no,4,3,3,1,2,5,4,7,7,6,mother,1,4,0,yes,yes,no,no,yes,no,4,3,3,1,2,5,0,10,9,10
68,GP,F,15,R,LE3,T,2,2,health,services,reputation,mother,2,2,0,yes,yes,yes,no,yes,yes,yes,no,4,1,3,1,3,4,2,8,9,8,mother,2,2,0,yes,yes,no,no,yes,no,4,1,3,1,3,4,0,11,10,11
69,GP,F,15,R,LE3,T,3,1,other,other,reputation,father,2,4,0,no,yes,no,no,no,yes,yes,no,4,4,2,2,3,3,12,16,16,16,father,2,4,0,no,yes,no,no,yes,no,4,4,2,2,3,3,6,15,15,15
70,GP,M,16,U,GT3,T,3,1,other,other,reputation,father,2,4,0,no,yes,yes,no,yes,yes,yes,no,4,3,2,1,1,5,0,13,15,15,father,2,4,0,no,yes,no,no,yes,no,4,3,2,1,1,5,2,13,11,11
71,GP,M,15,U,GT3,T,4,2,other,other,course,mother,1,4,0,no,no,no,no,yes,yes,yes,no,3,3,3,1,1,3,0,10,10,10,mother,1,4,0,no,no,no,no,yes,no,3,3,3,1,1,3,0,11,9,10
72,GP,F,15,R,GT3,T,1,1,other,other,reputation,mother,1,2,2,yes,yes,no,no,no,yes,yes,yes,3,3,4,2,4,5,2,8,6,5,mother,1,2,0,yes,yes,no,no,yes,yes,3,3,4,2,4,5,2,13,11,11
73,GP,M,16,U,GT3,T,3,1,other,other,reputation,mother,1,1,0,no,no,no,yes,yes,yes,no,no,5,3,2,2,2,5,2,12,12,14,mother,1,1,0,no,no,no,yes,yes,no,5,3,2,2,2,5,0,13,13,14
74,GP,F,16,U,GT3,T,3,3,other,services,home,mother,1,2,0,yes,yes,yes,yes,yes,yes,yes,no,4,3,3,2,4,5,54,11,12,11,mother,1,2,0,yes,yes,no,yes,yes,no,4,3,3,2,4,5,4,11,11,11
75,GP,M,15,U,GT3,T,4,3,teacher,other,home,mother,1,2,0,no,yes,yes,yes,yes,yes,yes,no,4,3,3,2,3,5,6,9,9,10,mother,1,2,0,no,yes,no,yes,yes,no,4,3,3,2,3,5,0,11,11,11
76,GP,M,15,U,GT3,T,4,0,teacher,other,course,mother,2,4,0,no,no,no,yes,yes,yes,yes,no,3,4,3,1,1,1,8,11,11,10,mother,2,4,0,no,no,no,yes,yes,no,3,4,3,1,1,1,0,12,11,11
77,GP,F,16,U,GT3,T,2,2,other,other,reputation,mother,1,4,0,no,no,yes,no,yes,yes,yes,yes,5,2,3,1,3,3,0,11,11,11,mother,1,4,0,no,no,no,no,yes,yes,5,2,3,1,3,3,1,13,13,13
78,GP,F,16,U,GT3,T,3,4,at_home,other,course,mother,1,2,0,no,yes,no,no,yes,yes,yes,no,2,4,3,1,2,3,12,5,5,5,mother,1,2,0,no,yes,no,no,yes,no,2,4,3,1,2,3,14,12,11,11
79,GP,M,15,U,GT3,T,2,3,other,services,course,father,1,1,0,yes,yes,yes,yes,no,yes,yes,yes,3,2,2,1,3,3,2,10,12,12,father,1,1,0,yes,yes,no,yes,yes,yes,3,2,2,1,3,3,0,11,11,12
80,GP,M,15,U,GT3,T,2,3,other,other,home,mother,1,3,0,yes,no,yes,no,no,yes,yes,no,5,3,2,1,2,5,4,11,10,11,mother,1,3,0,yes,no,no,no,yes,no,5,3,2,1,2,5,2,10,9,9
81,GP,F,15,U,LE3,T,3,2,services,other,reputation,mother,1,2,0,no,yes,yes,no,yes,yes,yes,no,4,4,4,1,1,5,10,7,6,6,mother,1,2,0,no,yes,no,no,yes,no,4,4,4,1,1,5,4,12,11,11
82,GP,M,15,U,LE3,T,2,2,services,services,home,mother,2,2,0,no,no,yes,yes,yes,yes,yes,no,5,3,3,1,3,4,4,15,15,15,mother,2,2,0,no,no,yes,yes,yes,no,5,3,3,1,3,4,2,13,12,13
83,GP,F,15,U,GT3,T,1,1,other,other,home,father,1,2,0,no,yes,no,yes,no,yes,yes,no,4,3,2,2,3,4,2,9,10,10,father,1,2,0,no,yes,no,yes,yes,no,4,3,2,2,3,4,2,13,12,12
84,GP,F,15,U,GT3,T,4,4,services,services,reputation,father,2,2,2,no,no,yes,no,yes,yes,yes,yes,4,4,4,2,3,5,6,7,9,8,father,2,2,0,no,no,no,no,yes,yes,4,4,4,2,3,5,4,12,11,12
85,GP,F,16,U,LE3,T,2,2,at_home,other,course,mother,1,2,0,no,yes,no,no,yes,yes,no,no,4,3,4,1,2,2,4,8,7,6,mother,1,2,0,no,yes,no,no,yes,no,4,3,4,1,2,2,6,13,11,11
86,GP,F,15,U,GT3,T,4,2,other,other,reputation,mother,1,3,0,no,yes,no,yes,yes,yes,yes,no,5,3,3,1,3,1,4,13,14,14,mother,1,3,0,no,yes,no,yes,yes,no,5,3,3,1,3,1,4,15,15,15
87,GP,M,16,U,GT3,T,2,2,services,other,reputation,father,2,2,1,no,no,yes,yes,no,yes,yes,no,4,4,2,1,1,3,12,11,10,10,father,2,2,0,no,no,no,yes,yes,no,4,4,2,1,1,3,6,12,10,11
88,GP,M,16,U,LE3,A,4,4,teacher,health,reputation,mother,1,2,0,no,yes,no,no,yes,yes,no,no,4,1,3,3,5,5,18,8,6,7,mother,1,2,0,no,yes,no,no,yes,no,4,1,3,3,5,5,6,9,9,10
89,GP,F,16,U,GT3,T,3,3,other,other,home,mother,1,3,0,no,yes,yes,no,yes,yes,yes,yes,4,3,3,1,3,4,0,7,7,8,mother,1,3,0,no,yes,no,no,yes,yes,4,3,3,1,3,4,2,9,11,11
90,GP,F,15,U,GT3,T,4,3,services,other,reputation,mother,1,1,0,no,no,yes,yes,yes,yes,yes,no,4,5,5,1,3,1,4,16,17,18,mother,1,1,0,no,no,no,yes,yes,no,4,5,5,1,3,1,6,14,13,13
91,GP,F,16,U,LE3,T,3,1,other,other,home,father,1,2,0,yes,yes,no,no,yes,yes,no,no,3,3,3,2,3,2,4,7,6,6,father,1,2,0,yes,yes,no,no,yes,no,3,3,3,2,3,2,0,12,13,12
92,GP,F,16,U,GT3,T,4,2,teacher,services,home,mother,2,2,0,no,yes,yes,yes,yes,yes,yes,no,5,3,3,1,1,1,0,11,10,10,mother,2,2,0,no,yes,no,yes,yes,no,5,3,3,1,1,1,2,13,14,14
93,GP,M,15,U,LE3,T,2,2,services,health,reputation,mother,1,4,0,no,yes,no,yes,yes,yes,yes,no,4,3,4,1,1,4,6,11,13,14,mother,1,4,0,no,yes,no,yes,yes,no,4,3,4,1,1,4,2,11,12,12
94,GP,F,15,R,GT3,T,1,1,at_home,other,home,mother,2,4,1,yes,yes,yes,yes,yes,yes,yes,no,3,1,2,1,1,1,2,7,10,10,mother,2,4,0,yes,yes,yes,yes,yes,no,3,1,2,1,1,1,4,13,13,13
95,GP,M,16,R,GT3,T,4,3,services,other,reputation,mother,2,1,0,yes,yes,no,yes,no,yes,yes,no,3,3,3,1,1,4,2,11,15,15,mother,2,1,0,yes,yes,yes,yes,yes,no,3,3,3,1,1,4,6,9,11,11
96,GP,F,16,U,GT3,T,2,1,other,other,course,mother,1,2,0,no,yes,yes,no,yes,yes,no,yes,4,3,5,1,1,5,2,8,9,10,mother,1,2,0,no,yes,no,no,yes,yes,4,3,5,1,1,5,0,13,12,12
97,GP,F,16,U,GT3,T,4,4,other,other,reputation,mother,1,1,0,no,no,no,yes,no,yes,yes,no,5,3,4,1,2,1,6,11,14,14,mother,1,1,0,no,no,no,yes,yes,no,5,3,4,1,2,1,4,12,13,13
98,GP,F,16,U,GT3,T,4,3,other,at_home,course,mother,1,3,0,yes,yes,yes,no,yes,yes,yes,no,5,3,5,1,1,3,0,7,9,8,mother,1,3,0,yes,yes,no,no,yes,no,5,3,5,1,1,3,2,12,13,13
99,GP,M,16,U,GT3,T,4,4,services,services,other,mother,1,1,0,yes,yes,yes,yes,yes,yes,yes,no,4,5,5,5,5,4,14,7,7,5,mother,1,1,0,yes,yes,no,yes,yes,no,4,5,5,5,5,4,12,9,9,8
100,GP,M,16,U,GT3,T,4,4,services,teacher,other,father,1,3,0,no,yes,no,yes,yes,yes,yes,yes,4,4,3,1,1,4,0,16,17,17,father,1,3,0,no,yes,no,yes,yes,yes,4,4,3,1,1,4,0,16,16,16
101,GP,M,15,U,GT3,T,4,4,services,other,course,mother,1,1,0,no,yes,no,yes,no,yes,yes,no,5,3,3,1,1,5,4,10,13,14,mother,1,1,0,no,yes,yes,yes,yes,no,5,3,3,1,1,5,2,12,13,12
102,GP,F,15,U,GT3,T,3,2,services,other,home,mother,2,2,0,yes,yes,yes,no,yes,yes,yes,no,4,3,5,1,1,2,26,7,6,6,mother,2,2,0,yes,yes,no,no,yes,no,4,3,5,1,1,2,16,11,10,10
103,GP,M,15,U,GT3,A,3,4,services,other,course,mother,1,2,0,no,yes,yes,yes,yes,yes,yes,no,5,4,4,1,1,1,0,16,18,18,mother,1,2,0,no,yes,no,yes,yes,no,5,4,4,1,1,1,0,16,16,16
104,GP,F,15,U,GT3,A,3,3,other,health,reputation,father,1,4,0,yes,no,no,no,yes,yes,no,no,4,3,3,1,1,4,10,10,11,11,father,1,4,0,yes,no,no,no,yes,no,4,3,3,1,1,4,10,10,10,10
105,GP,F,15,U,GT3,T,2,2,other,other,course,mother,1,4,0,yes,yes,yes,no,yes,yes,yes,no,5,1,2,1,1,3,8,7,8,8,mother,1,4,0,yes,yes,no,no,yes,no,5,1,2,1,1,3,4,10,10,10
106,GP,M,15,R,GT3,T,4,4,other,other,home,father,4,4,0,no,yes,yes,yes,yes,yes,yes,yes,1,3,5,3,5,1,6,10,13,13,father,4,4,0,no,yes,no,yes,yes,yes,1,3,5,3,5,1,8,12,10,11
107,GP,F,16,U,LE3,T,4,4,health,health,other,mother,1,3,0,no,yes,yes,yes,yes,yes,yes,yes,5,4,5,1,1,4,4,14,15,16,mother,1,3,0,no,yes,no,yes,yes,yes,5,4,5,1,1,4,2,15,15,14
108,GP,M,15,U,LE3,A,4,4,teacher,teacher,course,mother,1,1,0,no,no,no,yes,yes,yes,yes,no,5,5,3,1,1,4,6,18,19,19,mother,1,1,0,no,no,no,yes,yes,no,5,5,3,1,1,4,4,13,14,14
109,GP,F,16,R,GT3,T,3,3,services,other,reputation,father,1,3,1,yes,yes,no,yes,yes,yes,yes,no,4,1,2,1,1,2,0,7,10,10,father,1,3,0,yes,yes,no,yes,yes,no,4,1,2,1,1,2,4,11,11,11
110,GP,F,16,U,GT3,T,2,2,at_home,other,home,mother,1,2,1,yes,no,no,yes,yes,yes,yes,no,3,1,2,1,1,5,6,10,13,13,mother,1,2,1,yes,no,no,yes,yes,no,3,1,2,1,1,5,12,8,10,10
111,GP,M,15,U,LE3,T,4,2,teacher,other,course,mother,1,1,0,no,no,no,no,yes,yes,yes,no,3,5,2,1,1,3,10,18,19,19,mother,1,1,0,no,no,no,no,yes,no,3,5,2,1,1,3,10,18,17,18
112,GP,M,15,R,GT3,T,2,1,health,services,reputation,mother,1,2,0,no,no,no,yes,yes,yes,yes,yes,5,4,2,1,1,5,8,9,9,9,mother,1,2,0,no,no,no,yes,yes,yes,5,4,2,1,1,5,4,10,9,10
113,GP,M,15,U,GT3,T,4,4,other,teacher,reputation,father,2,2,0,no,yes,no,yes,yes,yes,no,no,4,4,3,1,1,2,2,11,13,14,father,2,2,0,no,yes,no,yes,yes,no,4,4,3,1,1,2,4,16,15,16
114,GP,M,16,U,GT3,T,3,3,other,services,home,father,2,1,0,no,no,no,yes,yes,yes,yes,no,5,4,2,1,1,5,0,13,14,13,father,2,1,0,no,no,no,yes,yes,no,5,4,2,1,1,5,6,14,14,15
115,GP,M,17,R,GT3,T,1,3,other,other,course,father,3,2,1,no,yes,no,yes,yes,yes,yes,no,5,2,4,1,4,5,20,9,7,8,father,3,2,1,no,yes,no,yes,yes,no,5,2,4,1,4,5,14,12,11,11
116,GP,M,15,U,GT3,T,3,4,other,other,reputation,father,1,1,0,no,no,no,no,yes,yes,yes,no,3,4,3,1,2,4,6,14,13,13,father,1,1,0,no,no,no,no,yes,no,3,4,3,1,2,4,2,14,13,14
117,GP,F,15,U,GT3,T,1,2,at_home,services,course,mother,1,2,0,no,no,no,no,no,yes,yes,no,3,2,3,1,2,1,2,16,15,15,mother,1,2,0,no,no,no,no,yes,no,3,2,3,1,2,1,0,14,14,14
118,GP,M,15,U,GT3,T,2,2,services,services,home,father,1,4,0,no,yes,yes,yes,yes,yes,yes,no,5,5,4,1,2,5,6,16,14,15,father,1,4,0,no,yes,no,yes,yes,no,5,5,4,1,2,5,6,14,13,13
119,GP,F,16,U,LE3,T,2,4,other,health,course,father,2,2,0,no,yes,yes,yes,yes,yes,yes,yes,4,2,2,1,2,5,2,13,13,13,father,2,2,0,no,yes,no,yes,yes,yes,4,2,2,1,2,5,2,14,12,13
120,GP,M,16,U,GT3,T,4,4,health,other,course,mother,1,1,0,no,yes,no,yes,yes,yes,yes,no,3,4,4,1,4,5,18,14,11,13,mother,1,1,0,no,yes,no,yes,yes,no,3,4,4,1,4,5,4,12,13,13
121,GP,F,16,U,GT3,T,2,2,other,other,home,mother,1,2,0,no,no,yes,no,yes,yes,yes,yes,5,4,4,1,1,5,0,8,7,8,mother,1,2,0,no,no,no,no,yes,yes,5,4,4,1,1,5,0,12,11,11
122,GP,M,15,U,GT3,T,3,4,services,services,home,father,1,1,0,yes,no,no,no,yes,yes,yes,no,5,5,5,3,2,5,0,13,13,12,father,1,1,0,yes,no,no,no,yes,no,5,5,5,3,2,5,2,9,9,9
123,GP,F,15,U,LE3,A,3,4,other,other,home,mother,1,2,0,yes,no,no,yes,yes,yes,yes,yes,5,3,2,1,1,1,0,7,10,11,mother,1,2,0,yes,no,no,yes,yes,yes,5,3,2,1,1,1,0,10,11,11
124,GP,F,19,U,GT3,T,0,1,at_home,other,course,other,1,2,3,no,yes,no,no,no,no,no,no,3,4,2,1,1,5,2,7,8,9,other,1,2,2,no,yes,no,no,no,no,3,4,2,1,1,5,0,9,10,11
125,GP,M,16,R,GT3,T,4,4,teacher,teacher,course,mother,1,1,0,no,no,yes,yes,yes,yes,yes,no,3,5,5,2,5,4,8,18,18,18,mother,1,1,0,no,no,no,yes,yes,no,3,5,5,2,5,4,8,14,14,15
126,GP,F,15,R,GT3,T,3,4,services,teacher,course,father,2,3,2,no,yes,no,no,yes,yes,yes,yes,4,2,2,2,2,5,0,12,0,0,father,2,3,0,no,yes,no,no,yes,yes,4,2,2,2,2,5,0,10,11,12
127,GP,F,15,U,GT3,T,1,1,at_home,other,course,mother,3,1,0,no,yes,no,yes,no,yes,yes,yes,4,3,3,1,2,4,0,8,0,0,mother,3,1,0,no,yes,no,yes,yes,yes,4,3,3,1,2,4,6,11,12,13
128,GP,F,17,U,LE3,T,2,2,other,other,course,father,1,1,0,no,yes,no,no,yes,yes,yes,yes,3,4,4,1,3,5,12,10,13,12,father,1,1,0,no,yes,no,no,yes,yes,3,4,4,1,3,5,2,13,12,12
129,GP,F,16,U,GT3,A,3,4,services,other,course,father,1,1,0,no,no,no,no,yes,yes,yes,no,3,2,1,1,4,5,16,12,11,11,father,1,1,0,no,no,no,no,yes,no,3,2,1,1,4,5,12,15,13,14
130,GP,M,15,R,GT3,T,3,4,at_home,teacher,course,mother,4,2,0,no,yes,no,no,yes,yes,no,yes,5,3,3,1,1,5,0,9,0,0,mother,4,2,0,no,yes,no,no,yes,yes,5,3,3,1,1,5,2,12,11,11
131,GP,F,15,U,GT3,T,4,4,services,at_home,course,mother,1,3,0,no,yes,no,yes,yes,yes,yes,yes,4,3,3,1,1,5,0,11,0,0,mother,1,3,0,no,yes,no,yes,yes,yes,4,3,3,1,1,5,4,13,14,15
132,GP,M,17,R,GT3,T,3,4,at_home,other,course,mother,3,2,0,no,no,no,no,yes,yes,no,no,5,4,5,2,4,5,0,10,0,0,mother,3,2,0,no,no,no,no,yes,no,5,4,5,2,4,5,2,10,9,10
133,GP,F,16,U,GT3,A,3,3,other,other,course,other,2,1,2,no,yes,no,yes,no,yes,yes,yes,4,3,2,1,1,5,0,4,0,0,other,2,1,0,no,yes,no,yes,yes,yes,4,3,2,1,1,5,4,9,9,10
134,GP,M,16,U,LE3,T,1,1,services,other,course,mother,1,2,1,no,no,no,no,yes,yes,no,yes,4,4,4,1,3,5,0,14,12,12,mother,1,2,2,no,no,no,no,yes,yes,4,4,4,1,3,5,0,10,10,10
135,GP,F,15,U,GT3,T,4,4,teacher,teacher,course,mother,2,1,0,no,no,no,yes,yes,yes,yes,no,4,3,2,1,1,5,0,16,16,15,mother,2,1,0,no,no,no,yes,yes,no,4,3,2,1,1,5,6,13,14,14
136,GP,M,15,U,GT3,T,4,3,teacher,services,course,father,2,4,0,yes,yes,no,no,yes,yes,yes,no,2,2,2,1,1,3,0,7,9,0,father,2,4,0,yes,yes,no,no,yes,no,2,2,2,1,1,3,6,9,11,11
137,GP,M,16,U,LE3,T,2,2,services,services,reputation,father,2,1,2,no,yes,no,yes,yes,yes,yes,no,2,3,3,2,2,2,8,9,9,9,father,2,1,0,no,yes,no,yes,yes,no,2,3,3,2,2,2,4,12,11,11
138,GP,F,15,U,GT3,T,4,4,teacher,services,course,mother,1,3,0,no,yes,yes,yes,yes,yes,yes,no,4,2,2,1,1,5,2,9,11,11,mother,1,3,0,no,yes,no,yes,yes,no,4,2,2,1,1,5,2,13,13,13
139,GP,F,16,U,LE3,T,1,1,at_home,at_home,course,mother,1,1,0,no,no,no,no,yes,yes,yes,no,3,4,4,3,3,1,2,14,14,13,mother,1,1,0,no,no,no,no,yes,no,3,4,4,3,3,1,4,10,11,11
140,GP,F,15,U,GT3,T,1,1,other,services,course,father,1,2,0,no,yes,yes,no,yes,yes,yes,no,4,4,2,1,2,5,0,8,11,11,father,1,2,0,no,yes,no,no,yes,no,4,4,2,1,2,5,0,12,12,12
141,GP,F,15,U,GT3,T,3,2,health,services,home,father,1,2,3,no,yes,no,no,yes,yes,yes,no,3,3,2,1,1,3,0,6,7,0,father,1,2,1,no,yes,no,no,yes,no,3,3,2,1,1,3,2,11,11,11
142,GP,F,15,U,GT3,T,1,2,at_home,other,course,mother,1,2,0,no,yes,yes,no,no,yes,yes,no,4,3,2,1,1,5,2,10,11,11,mother,1,2,0,no,yes,no,no,yes,no,4,3,2,1,1,5,6,13,12,13
143,GP,M,15,U,LE3,A,2,1,services,other,course,mother,4,1,3,no,no,no,no,yes,yes,yes,no,4,5,5,2,5,5,0,8,9,10,mother,4,1,0,no,no,no,no,yes,no,4,5,5,2,5,5,0,12,11,11
144,GP,M,18,U,LE3,T,1,1,other,other,course,mother,1,1,3,no,no,no,no,yes,no,yes,yes,2,3,5,2,5,4,0,6,5,0,mother,1,1,2,no,no,no,no,no,yes,2,3,5,2,5,4,0,11,9,0
145,GP,M,16,U,LE3,T,2,1,at_home,other,course,mother,1,1,1,no,no,no,yes,yes,yes,no,yes,4,4,4,3,5,5,6,12,13,14,mother,1,1,1,no,no,no,yes,yes,yes,4,4,4,3,5,5,6,9,10,10
146,GP,F,15,R,GT3,T,3,3,services,services,reputation,other,2,3,2,no,yes,yes,yes,yes,yes,yes,yes,4,2,1,2,3,3,8,10,10,10,other,2,3,0,no,yes,yes,yes,yes,yes,4,2,1,2,3,3,2,13,13,13
147,GP,M,19,U,GT3,T,3,2,services,at_home,home,mother,1,1,3,no,yes,no,no,yes,no,yes,yes,4,5,4,1,1,4,0,5,0,0,mother,1,1,0,no,yes,no,no,no,yes,4,5,4,1,1,4,6,11,9,11
148,GP,F,17,U,GT3,T,4,4,other,teacher,course,mother,1,1,0,yes,yes,no,no,yes,yes,no,yes,4,2,1,1,1,4,0,11,11,12,mother,1,1,0,yes,yes,no,no,yes,yes,4,2,1,1,1,4,0,13,13,13
149,GP,M,15,R,GT3,T,2,3,at_home,services,course,mother,1,2,0,yes,no,yes,yes,yes,yes,no,no,4,4,4,1,1,1,2,11,8,8,mother,1,2,0,yes,no,yes,yes,yes,no,4,4,4,1,1,1,0,7,8,8
150,GP,M,17,R,LE3,T,1,2,other,other,reputation,mother,1,1,0,no,no,no,no,yes,yes,no,no,2,2,2,3,3,5,8,16,12,13,mother,1,1,3,no,no,no,no,yes,no,2,2,2,3,3,5,14,9,8,10
151,GP,F,18,R,GT3,T,1,1,at_home,other,course,mother,3,1,3,no,yes,no,yes,no,yes,no,no,5,2,5,1,5,4,6,9,8,10,mother,3,1,3,no,yes,no,yes,yes,no,5,2,5,1,5,4,6,11,10,11
152,GP,M,16,R,GT3,T,2,2,at_home,other,course,mother,3,1,0,no,no,no,no,no,yes,no,no,4,2,2,1,2,3,2,17,15,15,mother,3,1,0,no,no,no,no,yes,no,4,2,2,1,2,3,4,12,10,11
153,GP,M,16,U,GT3,T,3,3,other,services,course,father,1,2,1,no,yes,yes,no,yes,yes,yes,yes,4,5,5,4,4,5,4,10,12,12,father,1,2,1,no,yes,no,no,yes,yes,4,5,5,4,4,5,0,10,10,1
154,GP,M,17,R,LE3,T,2,1,at_home,other,course,mother,2,1,2,no,no,no,yes,yes,no,yes,yes,3,3,2,2,2,5,0,7,6,0,mother,2,1,1,no,no,yes,yes,no,yes,3,3,2,2,2,5,8,8,8,9
155,GP,M,17,R,LE3,T,1,1,other,services,course,mother,4,2,3,no,no,no,yes,yes,no,no,yes,5,3,5,1,5,5,0,5,8,7,mother,4,2,0,no,no,no,yes,no,yes,5,3,5,1,5,5,0,8,8,8
156,GP,M,16,U,GT3,T,2,2,other,other,course,father,1,2,0,no,no,no,no,yes,no,yes,no,4,3,5,2,4,4,4,10,10,10,father,1,2,0,no,no,no,no,no,no,4,3,5,2,4,4,0,9,10,11
157,GP,F,16,U,GT3,T,4,2,health,services,home,father,1,2,0,no,no,yes,no,yes,yes,yes,yes,4,2,3,1,1,3,0,14,15,16,father,1,2,0,no,no,no,no,yes,yes,4,2,3,1,1,3,0,17,17,18
158,GP,F,16,U,GT3,T,2,2,other,other,home,mother,1,2,0,no,yes,yes,no,no,yes,yes,no,5,1,5,1,1,4,0,6,7,0,mother,1,2,0,no,yes,no,no,yes,no,5,1,5,1,1,4,0,12,12,13
159,GP,F,16,U,GT3,T,4,4,health,health,reputation,mother,1,2,0,no,yes,yes,no,yes,yes,yes,yes,4,4,2,1,1,3,0,14,14,14,mother,1,2,0,no,yes,no,no,yes,yes,4,4,2,1,1,3,0,16,16,17
160,GP,M,16,U,GT3,T,3,4,other,other,course,father,3,1,2,no,yes,no,yes,no,yes,yes,no,3,4,5,2,4,2,0,6,5,0,father,3,1,1,no,yes,no,yes,yes,no,3,4,5,2,4,2,4,9,9,10
161,GP,M,16,U,GT3,T,1,0,other,other,reputation,mother,2,2,0,no,yes,yes,yes,yes,yes,yes,yes,4,3,2,1,1,3,2,13,15,16,mother,2,2,0,no,yes,no,yes,yes,yes,4,3,2,1,1,3,0,16,17,18
162,GP,M,17,U,LE3,T,4,4,teacher,other,reputation,mother,1,2,0,no,yes,yes,yes,yes,yes,yes,no,4,4,4,1,3,5,0,13,11,10,mother,1,2,0,no,yes,no,yes,yes,no,4,4,4,1,3,5,0,11,9,10
163,GP,F,16,U,GT3,T,1,3,at_home,services,home,mother,1,2,3,no,no,no,yes,no,yes,yes,yes,4,3,5,1,1,3,0,8,7,0,mother,1,2,0,no,no,no,yes,yes,yes,4,3,5,1,1,3,0,14,13,13
164,GP,F,16,U,LE3,T,3,3,other,other,reputation,mother,2,2,0,no,yes,yes,yes,yes,yes,yes,no,4,4,5,1,1,4,4,10,11,9,mother,2,2,0,no,yes,no,yes,yes,no,4,4,5,1,1,4,0,14,14,15
165,GP,M,17,U,LE3,T,4,3,teacher,other,course,mother,2,2,0,no,no,yes,yes,yes,yes,yes,no,4,4,4,4,4,4,4,10,9,9,mother,2,2,0,no,no,no,yes,yes,no,4,4,4,4,4,4,0,10,11,11
166,GP,F,16,U,GT3,T,2,2,services,other,reputation,mother,2,2,0,no,no,yes,yes,no,yes,yes,no,3,4,4,1,4,5,2,13,13,11,mother,2,2,0,no,no,no,yes,yes,no,3,4,4,1,4,5,0,13,12,14
167,GP,M,17,U,GT3,T,3,3,other,other,reputation,father,1,2,0,no,no,no,yes,no,yes,yes,no,4,3,4,1,4,4,4,6,5,6,father,1,2,0,no,no,no,yes,yes,no,4,3,4,1,4,4,4,11,9,10
168,GP,M,16,R,GT3,T,4,2,teacher,services,other,mother,1,1,0,no,yes,no,yes,yes,yes,yes,yes,4,3,3,3,4,3,10,10,8,9,mother,1,1,0,no,yes,no,yes,yes,yes,4,3,3,3,4,3,8,10,9,11
169,GP,M,17,U,GT3,T,4,3,other,other,course,mother,1,2,0,no,yes,no,yes,yes,yes,yes,yes,5,2,3,1,1,2,4,10,10,11,mother,1,2,0,no,yes,yes,yes,yes,yes,5,2,3,1,1,2,4,11,11,13
170,GP,M,16,U,GT3,T,4,3,teacher,other,home,mother,1,2,0,no,yes,yes,yes,yes,yes,yes,no,3,4,3,2,3,3,10,9,8,8,mother,1,2,0,no,yes,yes,yes,yes,no,3,4,3,2,3,3,4,11,10,11
171,GP,F,17,U,GT3,T,2,4,services,services,reputation,father,1,2,0,no,yes,no,yes,yes,yes,no,no,5,4,2,2,3,5,0,16,17,17,father,1,2,0,no,yes,no,yes,yes,no,5,4,2,2,3,5,0,17,18,17
172,GP,F,17,U,LE3,T,3,3,other,other,reputation,mother,1,2,0,no,yes,no,yes,yes,yes,yes,yes,5,3,3,2,3,1,56,9,9,8,mother,1,2,0,no,yes,no,yes,yes,yes,5,3,3,2,3,1,32,14,13,14
173,GP,F,16,U,GT3,T,3,2,other,other,reputation,mother,1,2,0,no,yes,yes,no,yes,yes,yes,no,1,2,2,1,2,1,14,12,13,12,mother,1,2,0,no,yes,no,no,yes,no,1,2,2,1,2,1,8,14,15,16
174,GP,M,17,U,GT3,T,3,3,services,services,other,mother,1,2,0,no,yes,no,yes,yes,yes,yes,yes,4,3,4,2,3,4,12,12,12,11,mother,1,2,0,no,yes,no,yes,yes,yes,4,3,4,2,3,4,6,11,13,14
175,GP,M,16,U,GT3,T,1,2,services,services,other,mother,1,1,0,no,yes,yes,yes,yes,yes,yes,yes,3,3,3,1,2,3,2,11,12,11,mother,1,1,0,no,yes,no,yes,yes,yes,3,3,3,1,2,3,0,10,9,11
176,GP,M,16,U,LE3,T,2,1,other,other,course,mother,1,2,0,no,no,yes,yes,yes,yes,yes,yes,4,2,3,1,2,5,0,15,15,15,mother,1,2,0,no,no,no,yes,yes,yes,4,2,3,1,2,5,0,13,14,16
177,GP,F,17,U,GT3,A,3,3,health,other,reputation,mother,1,2,0,no,yes,no,no,no,yes,yes,yes,3,3,3,1,3,3,6,8,7,9,mother,1,2,0,no,yes,no,no,yes,yes,3,3,3,1,3,3,10,12,13,14
178,GP,M,17,R,GT3,T,1,2,at_home,other,home,mother,1,2,0,no,no,no,no,yes,yes,no,no,3,1,3,1,5,3,4,8,9,10,mother,1,2,0,no,no,no,no,yes,no,3,1,3,1,5,3,6,9,9,10
179,GP,F,16,U,GT3,T,2,3,services,services,course,mother,1,2,0,no,no,no,no,yes,yes,yes,no,4,3,3,1,1,2,10,11,12,13,mother,1,2,0,no,no,no,no,yes,no,4,3,3,1,1,2,6,12,12,13
180,GP,F,17,U,GT3,T,1,1,at_home,services,course,mother,1,2,0,no,no,no,yes,yes,yes,yes,no,5,3,3,1,1,3,0,8,8,9,mother,1,2,0,no,no,no,yes,yes,no,5,3,3,1,1,3,0,12,11,12
181,GP,M,17,U,GT3,T,1,2,at_home,services,other,other,2,2,0,no,no,yes,yes,no,yes,yes,no,4,4,4,4,5,5,12,7,8,8,other,2,2,0,no,no,no,yes,yes,no,4,4,4,4,5,5,16,10,11,12
182,GP,M,16,R,GT3,T,3,3,services,services,reputation,mother,1,1,0,no,yes,no,yes,yes,yes,yes,no,4,3,2,3,4,5,8,8,9,10,mother,1,1,0,no,yes,no,yes,yes,no,4,3,2,3,4,5,0,11,10,10
183,GP,M,16,U,GT3,T,2,3,other,other,home,father,2,1,0,no,no,no,no,yes,yes,yes,no,5,3,3,1,1,3,0,13,14,14,father,2,1,0,no,no,no,no,yes,no,5,3,3,1,1,3,0,13,12,12
184,GP,F,17,U,LE3,T,2,4,services,services,course,father,1,2,0,no,no,no,yes,yes,yes,yes,yes,4,3,2,1,1,5,0,14,15,15,father,1,2,0,no,no,no,yes,yes,yes,4,3,2,1,1,5,8,14,15,16
185,GP,M,17,U,GT3,T,4,4,services,teacher,home,mother,1,1,0,no,no,no,no,yes,yes,yes,no,5,2,3,1,2,5,4,17,15,16,mother,1,1,0,no,no,no,no,yes,no,5,2,3,1,2,5,4,13,13,14
186,GP,M,16,R,LE3,T,3,3,teacher,other,home,father,3,1,0,no,yes,yes,yes,yes,yes,yes,no,3,3,4,3,5,3,8,9,9,10,father,3,1,0,no,yes,no,yes,yes,no,3,3,4,3,5,3,16,10,11,12
187,GP,F,17,U,GT3,T,4,4,services,teacher,home,mother,2,1,1,no,yes,no,no,yes,yes,yes,no,4,2,4,2,3,2,24,18,18,18,mother,2,1,1,no,yes,no,no,yes,no,4,2,4,2,3,2,30,14,15,16
188,GP,F,16,U,LE3,T,4,4,teacher,teacher,reputation,mother,1,2,0,no,yes,yes,no,yes,yes,yes,no,4,5,2,1,2,3,0,9,9,10,mother,1,2,0,no,yes,no,no,yes,no,4,5,2,1,2,3,0,11,10,11
189,GP,F,16,U,GT3,T,4,3,health,other,home,mother,1,2,0,no,yes,no,yes,yes,yes,yes,no,4,3,5,1,5,2,2,16,16,16,mother,1,2,0,no,yes,no,yes,yes,no,4,3,5,1,5,2,2,14,14,15
190,GP,F,16,U,GT3,T,2,3,other,other,reputation,mother,1,2,0,yes,yes,yes,yes,yes,yes,no,no,4,4,3,1,3,4,6,8,10,10,mother,1,2,0,yes,yes,no,yes,yes,no,4,4,3,1,3,4,4,11,12,12
191,GP,F,17,U,GT3,T,1,1,other,other,course,mother,1,2,0,no,yes,yes,no,no,yes,no,no,4,4,4,1,3,1,4,9,9,10,mother,1,2,0,no,yes,no,no,yes,no,4,4,4,1,3,1,0,14,15,15
192,GP,F,17,R,GT3,T,2,2,other,other,reputation,mother,1,1,0,no,yes,no,no,yes,yes,yes,no,5,3,2,1,2,3,18,7,6,6,mother,1,1,0,no,yes,no,no,yes,no,5,3,2,1,2,3,21,13,13,13
193,GP,F,16,R,GT3,T,2,2,services,services,reputation,mother,2,4,0,no,yes,yes,yes,no,yes,yes,no,5,3,5,1,1,5,6,10,10,11,mother,2,4,0,no,yes,no,yes,yes,no,5,3,5,1,1,5,6,13,13,13
194,GP,F,17,U,GT3,T,3,4,at_home,services,home,mother,1,3,1,no,yes,yes,no,yes,yes,yes,yes,4,4,3,3,4,5,28,10,9,9,mother,1,3,1,no,yes,yes,no,yes,yes,4,4,3,3,4,5,14,8,9,8
195,GP,F,16,U,GT3,A,3,1,services,other,course,mother,1,2,3,no,yes,yes,no,yes,yes,yes,no,2,3,3,2,2,4,5,7,7,7,mother,1,2,0,no,yes,no,no,yes,no,2,3,3,2,2,4,2,11,11,12
196,GP,F,16,U,GT3,T,4,3,teacher,other,other,mother,1,2,0,no,no,yes,yes,yes,yes,yes,yes,1,3,2,1,1,1,10,11,12,13,mother,1,2,0,no,no,no,yes,yes,yes,1,3,2,1,1,1,4,14,15,15
197,GP,F,16,U,GT3,T,1,1,at_home,other,home,mother,2,1,0,no,yes,yes,no,yes,yes,no,no,4,3,2,1,4,5,6,9,9,10,mother,2,1,0,no,yes,no,no,yes,no,4,3,2,1,4,5,2,12,13,13
198,GP,F,17,R,GT3,T,4,3,teacher,other,reputation,mother,2,3,0,no,yes,yes,yes,yes,yes,yes,yes,4,4,2,1,1,4,6,7,7,7,mother,2,3,0,no,yes,no,yes,yes,yes,4,4,2,1,1,4,0,11,12,12
199,GP,F,19,U,GT3,T,3,3,other,other,reputation,other,1,4,0,no,yes,yes,yes,yes,yes,yes,no,4,3,3,1,2,3,10,8,8,8,other,1,4,0,no,yes,no,yes,yes,no,4,3,3,1,2,3,4,12,12,12
200,GP,M,17,U,LE3,T,4,4,services,other,home,mother,1,2,0,no,yes,yes,no,yes,yes,yes,yes,5,3,5,4,5,3,13,12,12,13,mother,1,2,0,no,yes,no,no,yes,yes,5,3,5,4,5,3,15,13,12,12
201,GP,F,16,U,GT3,A,2,2,other,other,reputation,mother,1,2,0,yes,yes,yes,no,yes,yes,yes,no,3,3,4,1,1,4,0,12,13,14,mother,1,2,0,yes,yes,no,no,yes,no,3,3,4,1,1,4,0,13,13,13
202,GP,M,18,U,GT3,T,2,2,services,other,home,mother,1,2,1,no,yes,yes,yes,yes,yes,yes,no,4,4,4,2,4,5,15,6,7,8,mother,1,2,0,no,yes,no,yes,yes,no,4,4,4,2,4,5,10,12,11,11
203,GP,F,17,R,LE3,T,4,4,services,other,other,mother,1,1,0,no,yes,yes,no,yes,yes,no,no,5,2,1,1,2,3,12,8,10,10,mother,1,1,0,no,yes,no,no,yes,no,5,2,1,1,2,3,6,12,11,11
204,GP,F,17,U,LE3,T,3,2,other,other,reputation,mother,2,2,0,no,no,yes,no,yes,yes,yes,no,4,4,4,1,3,1,2,14,15,15,mother,2,2,0,no,no,no,no,yes,no,4,4,4,1,3,1,2,14,16,15
205,GP,F,17,U,GT3,T,4,3,other,other,reputation,mother,1,2,2,no,no,yes,no,yes,yes,yes,yes,3,4,5,2,4,1,22,6,6,4,mother,1,2,0,no,no,no,no,yes,yes,3,4,5,2,4,1,16,11,9,10
206,GP,M,18,U,LE3,T,3,3,services,health,home,father,1,2,1,no,yes,yes,no,yes,yes,yes,no,3,2,4,2,4,4,13,6,6,8,father,1,2,0,no,yes,no,no,yes,no,3,2,4,2,4,4,10,10,10,10
207,GP,F,17,U,GT3,T,2,3,at_home,other,home,father,2,1,0,no,yes,yes,no,yes,yes,no,no,3,3,3,1,4,3,3,7,7,8,father,2,1,0,no,yes,no,no,yes,no,3,3,3,1,4,3,4,12,13,13
208,GP,F,17,U,GT3,T,2,2,at_home,at_home,course,mother,1,3,0,no,yes,yes,yes,yes,yes,yes,no,4,3,3,1,1,4,4,9,10,10,mother,1,3,0,no,yes,no,yes,yes,no,4,3,3,1,1,4,0,12,12,13
209,GP,F,17,R,GT3,T,2,1,at_home,services,reputation,mother,2,2,0,no,yes,no,yes,yes,yes,yes,no,4,2,5,1,2,5,2,6,6,6,mother,2,2,0,no,yes,no,yes,yes,no,4,2,5,1,2,5,0,11,10,11
210,GP,F,17,U,GT3,T,1,1,at_home,other,reputation,mother,1,3,1,no,yes,no,yes,yes,yes,no,yes,4,3,4,1,1,5,0,6,5,0,mother,1,3,0,no,yes,no,yes,yes,yes,4,3,4,1,1,5,12,12,12,12
211,GP,F,16,U,GT3,T,2,3,services,teacher,other,mother,1,2,0,yes,no,no,no,yes,yes,yes,no,2,3,1,1,1,3,2,16,16,17,mother,1,2,0,yes,no,no,no,yes,no,2,3,1,1,1,3,0,13,13,14
212,GP,M,18,U,GT3,T,2,2,other,other,home,mother,2,2,0,no,yes,yes,no,yes,yes,yes,no,3,3,3,5,5,4,0,12,13,13,mother,2,2,3,no,yes,yes,no,yes,no,3,3,3,5,5,4,9,10,9,10
213,GP,F,16,U,GT3,T,4,4,teacher,services,home,mother,1,3,0,no,yes,no,yes,no,yes,yes,no,5,3,2,1,1,5,0,13,13,14,mother,1,3,0,no,yes,no,yes,yes,no,5,3,2,1,1,5,4,15,16,16
214,GP,F,18,R,GT3,T,3,1,other,other,reputation,mother,1,2,1,no,no,no,yes,yes,yes,yes,yes,5,3,3,1,1,4,16,9,8,7,mother,1,2,0,no,no,no,yes,yes,yes,5,3,3,1,1,4,4,8,8,8
215,GP,F,17,U,GT3,T,3,2,other,other,course,mother,1,2,0,no,no,no,yes,no,yes,yes,no,5,3,4,1,3,3,10,16,15,15,mother,1,2,0,no,no,no,yes,yes,no,5,3,4,1,3,3,2,17,18,17
216,GP,M,17,U,LE3,T,2,3,services,services,reputation,father,1,2,0,no,yes,yes,no,no,yes,yes,no,5,3,3,1,3,3,2,12,11,12,father,1,2,0,no,yes,no,no,yes,no,5,3,3,1,3,3,0,10,11,11
217,GP,M,18,U,LE3,T,2,1,at_home,other,course,mother,4,2,0,yes,yes,yes,yes,yes,yes,yes,yes,4,3,2,4,5,3,14,10,8,9,mother,4,2,0,yes,yes,no,yes,yes,yes,4,3,2,4,5,3,2,9,10,11
218,GP,F,17,U,GT3,A,2,1,other,other,course,mother,2,3,0,no,no,no,yes,yes,yes,yes,yes,3,2,3,1,2,3,10,12,10,12,mother,2,3,0,no,no,no,yes,yes,yes,3,2,3,1,2,3,0,15,15,16
219,GP,F,17,U,LE3,T,4,3,health,other,reputation,father,1,2,0,no,no,no,yes,yes,yes,yes,yes,3,2,3,1,2,3,14,13,13,14,father,1,2,0,no,no,no,yes,yes,yes,3,2,3,1,2,3,0,14,12,12
220,GP,M,17,R,GT3,T,2,2,other,other,course,father,2,2,0,no,yes,yes,yes,yes,yes,yes,no,4,5,2,1,1,1,4,11,11,11,father,2,2,0,no,yes,no,yes,yes,no,4,5,2,1,1,1,0,12,13,13
221,GP,M,17,U,GT3,T,4,4,teacher,teacher,reputation,mother,1,2,0,yes,yes,no,yes,yes,yes,yes,yes,4,5,5,1,3,2,14,11,9,9,mother,1,2,0,yes,yes,no,yes,yes,yes,4,5,5,1,3,2,0,13,13,13
222,GP,M,16,U,GT3,T,4,4,health,other,reputation,father,1,2,0,no,yes,yes,yes,yes,yes,yes,no,4,2,4,2,4,1,2,14,13,13,father,1,2,0,no,yes,no,yes,yes,no,4,2,4,2,4,1,0,13,13,14
223,GP,M,16,U,LE3,T,1,1,other,other,home,mother,2,2,0,no,yes,yes,no,yes,yes,yes,no,3,4,2,1,1,5,18,9,7,6,mother,2,2,0,no,yes,no,no,yes,no,3,4,2,1,1,5,2,9,9,9
224,GP,M,16,U,GT3,T,3,2,at_home,other,reputation,mother,2,3,0,no,no,no,yes,yes,yes,yes,yes,5,3,3,1,3,2,10,11,9,10,mother,2,3,0,no,no,no,yes,yes,yes,5,3,3,1,3,2,0,12,12,12
225,GP,M,17,U,LE3,T,2,2,other,other,home,father,1,2,0,no,no,yes,yes,no,yes,yes,yes,4,4,2,5,5,4,4,14,13,13,father,1,2,0,no,no,no,yes,yes,yes,4,4,2,5,5,4,0,16,16,16
226,GP,F,16,U,GT3,T,2,1,other,other,home,mother,1,1,0,no,no,no,no,yes,yes,yes,yes,4,5,2,1,1,5,20,13,12,12,mother,1,1,0,no,no,no,no,yes,yes,4,5,2,1,1,5,4,9,10,10
227,GP,F,17,R,GT3,T,2,1,at_home,services,course,mother,3,2,0,no,no,no,yes,yes,yes,no,no,2,1,1,1,1,3,2,13,11,11,mother,3,2,0,no,no,no,yes,yes,no,2,1,1,1,1,3,2,13,13,13
228,GP,M,18,U,GT3,T,2,2,other,services,reputation,father,1,2,1,no,no,no,no,yes,no,yes,no,5,5,4,3,5,2,0,7,7,0,father,1,2,0,no,no,no,no,no,no,5,5,4,3,5,2,16,8,7,8
229,GP,M,17,U,LE3,T,4,3,health,other,course,mother,2,2,0,no,no,no,yes,yes,yes,yes,yes,2,5,5,1,4,5,14,12,12,12,mother,2,2,0,no,no,no,yes,yes,yes,2,5,5,1,4,5,8,15,15,15
230,GP,M,17,R,LE3,A,4,4,teacher,other,course,mother,2,2,0,no,yes,yes,no,yes,yes,yes,no,3,3,3,2,3,4,2,10,11,12,mother,2,2,0,no,yes,no,no,yes,no,3,3,3,2,3,4,0,12,12,12
231,GP,M,16,U,LE3,T,4,3,teacher,other,course,mother,1,1,0,no,no,no,yes,no,yes,yes,no,5,4,5,1,1,3,0,6,0,0,mother,1,1,0,no,no,no,yes,yes,no,5,4,5,1,1,3,7,14,14,15
232,GP,F,18,U,GT3,T,2,1,other,other,course,other,2,3,0,no,yes,yes,no,no,yes,yes,yes,4,4,4,1,1,3,0,7,0,0,other,2,3,0,no,yes,no,no,yes,yes,4,4,4,1,1,3,10,12,10,11
233,GP,M,16,U,GT3,T,2,1,other,other,course,mother,3,1,0,no,no,no,no,yes,yes,yes,no,4,3,3,1,1,4,6,18,18,18,mother,3,1,0,no,no,no,no,yes,no,4,3,3,1,1,4,7,15,16,16
234,GP,M,17,U,GT3,T,2,3,other,other,course,father,2,1,0,no,no,no,no,yes,yes,yes,no,5,2,2,1,1,2,4,12,12,13,father,2,1,0,no,no,no,no,yes,no,5,2,2,1,1,2,2,9,12,13
235,GP,M,22,U,GT3,T,3,1,services,services,other,mother,1,1,3,no,no,no,no,no,no,yes,yes,5,4,5,5,5,1,16,6,8,8,mother,1,1,3,no,no,no,no,no,yes,5,4,5,5,5,1,12,7,8,5
236,GP,M,18,R,LE3,T,3,3,other,services,course,mother,1,2,1,no,yes,no,no,yes,yes,yes,yes,4,3,3,1,3,5,8,3,5,5,mother,1,2,0,no,yes,no,no,yes,yes,4,3,3,1,3,5,8,10,9,10
237,GP,M,16,U,GT3,T,0,2,other,other,other,mother,1,1,0,no,no,yes,no,no,yes,yes,no,4,3,2,2,4,5,0,13,15,15,mother,1,1,0,no,no,no,no,yes,no,4,3,2,2,4,5,0,11,12,11
238,GP,M,18,U,GT3,T,3,2,services,other,course,mother,2,1,1,no,no,no,no,yes,no,yes,no,4,4,5,2,4,5,0,6,8,8,mother,2,1,0,no,no,no,no,no,no,4,4,5,2,4,5,8,7,8,7
239,GP,M,16,U,GT3,T,3,3,at_home,other,reputation,other,3,2,0,yes,yes,no,no,no,yes,yes,no,5,3,3,1,3,2,6,7,10,10,other,3,2,1,yes,yes,no,no,yes,no,5,3,3,1,3,2,4,9,11,10
240,GP,M,18,U,GT3,T,2,1,services,services,other,mother,1,1,1,no,no,no,no,no,no,yes,no,3,2,5,2,5,5,4,6,9,8,mother,1,1,2,no,no,no,no,no,no,3,2,5,2,5,5,4,7,8,6
241,GP,M,16,R,GT3,T,2,1,other,other,course,mother,2,1,0,no,no,no,yes,no,yes,no,no,3,3,2,1,3,3,0,8,9,8,mother,2,1,0,no,no,no,yes,yes,no,3,3,2,1,3,3,2,14,13,12
242,GP,M,17,R,GT3,T,2,1,other,other,course,mother,1,1,0,no,no,no,no,no,yes,yes,no,4,4,2,2,4,5,0,8,12,12,mother,1,1,0,no,no,no,no,yes,no,4,4,2,2,4,5,0,12,12,13
243,GP,M,17,U,LE3,T,1,1,health,other,course,mother,2,1,1,no,yes,no,yes,yes,yes,yes,no,4,4,4,1,2,5,2,7,9,8,mother,2,1,1,no,yes,no,yes,yes,no,4,4,4,1,2,5,0,9,10,10
244,GP,F,17,U,LE3,T,4,2,teacher,services,reputation,mother,1,4,0,no,yes,yes,yes,yes,yes,yes,no,4,2,3,1,1,4,6,14,12,13,mother,1,4,0,no,yes,no,yes,yes,no,4,2,3,1,1,4,2,14,15,17
245,GP,M,19,U,LE3,A,4,3,services,at_home,reputation,mother,1,2,0,no,yes,no,no,yes,yes,yes,no,4,3,1,1,1,1,12,11,11,11,mother,1,2,0,no,yes,no,no,yes,no,4,3,1,1,1,1,4,11,13,14
246,GP,M,18,U,GT3,T,2,1,other,other,home,mother,1,2,0,no,no,no,yes,yes,yes,yes,no,5,2,4,1,2,4,8,15,14,14,mother,1,2,0,no,no,no,yes,yes,no,5,2,4,1,2,4,2,16,16,16
247,GP,F,17,U,LE3,T,2,2,services,services,course,father,1,4,0,no,no,yes,yes,yes,yes,yes,yes,3,4,1,1,1,2,0,10,9,0,father,1,4,0,no,no,no,yes,yes,yes,3,4,1,1,1,2,2,10,11,12
248,GP,F,18,U,GT3,T,4,3,services,other,home,father,1,2,0,no,yes,yes,no,yes,yes,yes,yes,3,1,2,1,3,2,21,17,18,18,father,1,2,0,no,yes,no,no,yes,yes,3,1,2,1,3,2,2,15,15,15
249,GP,M,18,U,GT3,T,4,3,teacher,other,course,mother,1,2,0,no,yes,yes,no,no,yes,yes,no,4,3,2,1,1,3,2,8,8,8,mother,1,2,0,no,yes,no,no,yes,no,4,3,2,1,1,3,2,10,10,11
250,GP,M,18,R,GT3,T,3,2,other,other,course,mother,1,3,0,no,no,no,yes,no,yes,no,no,5,3,2,1,1,3,1,13,12,12,mother,1,3,0,no,no,no,yes,yes,no,5,3,2,1,1,3,2,10,11,12
251,GP,F,17,U,GT3,T,3,3,other,other,home,mother,1,3,0,no,no,no,yes,no,yes,no,no,3,2,3,1,1,4,4,10,9,9,mother,1,3,0,no,no,no,yes,yes,no,3,2,3,1,1,4,2,15,12,13
252,GP,F,18,U,GT3,T,2,2,at_home,services,home,mother,1,3,0,no,yes,yes,yes,yes,yes,yes,yes,4,3,3,1,1,3,0,9,10,0,mother,1,3,0,no,yes,no,yes,yes,yes,4,3,3,1,1,3,0,11,12,13
253,GP,M,18,R,LE3,A,3,4,other,other,reputation,mother,2,2,0,no,yes,yes,yes,yes,yes,yes,no,4,2,5,3,4,1,13,17,17,17,mother,2,2,0,no,yes,no,yes,yes,no,4,2,5,3,4,1,6,15,16,16
254,GP,M,17,U,GT3,T,3,1,services,other,other,mother,1,2,0,no,no,yes,yes,yes,yes,yes,yes,5,4,4,3,4,5,2,9,9,10,mother,1,2,0,no,no,no,yes,yes,yes,5,4,4,3,4,5,0,11,11,14
255,GP,F,18,R,GT3,T,4,4,teacher,other,reputation,mother,2,2,0,no,no,yes,yes,yes,yes,yes,no,4,3,4,2,2,4,8,12,10,11,mother,2,2,0,no,no,no,yes,yes,no,4,3,4,2,2,4,8,10,11,12
256,GP,M,18,U,GT3,T,4,2,health,other,reputation,father,1,2,0,no,yes,yes,yes,yes,yes,yes,yes,5,4,5,1,3,5,10,10,9,10,father,1,2,0,no,yes,no,yes,yes,yes,5,4,5,1,3,5,4,10,12,14
257,GP,F,18,R,GT3,T,2,1,other,other,reputation,mother,2,2,0,no,yes,no,no,yes,no,yes,yes,4,3,5,1,2,3,0,6,0,0,mother,2,2,0,no,yes,no,no,no,yes,4,3,5,1,2,3,12,8,9,10
258,GP,F,19,U,GT3,T,3,3,other,services,home,other,1,2,2,no,yes,yes,yes,yes,yes,yes,no,4,3,5,3,3,5,15,9,9,9,other,1,2,0,no,yes,no,yes,yes,no,4,3,5,3,3,5,16,11,12,12
259,GP,F,18,U,GT3,T,2,3,other,services,reputation,father,1,4,0,no,yes,yes,yes,yes,yes,yes,yes,4,5,5,1,3,2,4,15,14,14,father,1,4,0,no,yes,no,yes,yes,yes,4,5,5,1,3,2,10,16,16,16
260,GP,F,18,U,LE3,T,1,1,other,other,home,mother,2,2,0,no,yes,yes,no,no,yes,no,no,4,4,3,1,1,3,2,11,11,11,mother,2,2,0,no,yes,no,no,yes,no,4,4,3,1,1,3,2,13,13,13
261,GP,M,17,R,GT3,T,1,2,at_home,at_home,home,mother,1,2,0,no,yes,yes,yes,no,yes,no,yes,3,5,2,2,2,1,2,15,14,14,mother,1,2,0,no,yes,no,yes,yes,yes,3,5,2,2,2,1,2,16,17,18
262,GP,F,17,U,GT3,T,2,4,at_home,health,reputation,mother,2,2,0,no,yes,yes,no,yes,yes,yes,yes,4,3,3,1,1,1,2,10,10,10,mother,2,2,0,no,yes,no,no,yes,yes,4,3,3,1,1,1,6,15,16,16
263,GP,F,17,U,LE3,T,2,2,services,other,course,mother,2,2,0,yes,yes,yes,no,yes,yes,yes,yes,4,4,4,2,3,5,6,12,12,12,mother,2,2,0,yes,yes,no,no,yes,yes,4,4,4,2,3,5,6,12,12,12
264,GP,F,18,R,GT3,A,3,2,other,services,home,mother,2,2,0,no,no,no,no,no,no,yes,yes,4,1,1,1,1,5,75,10,9,9,mother,2,2,0,no,no,no,no,no,yes,4,1,1,1,1,5,15,12,9,10
265,GP,F,18,U,GT3,T,4,4,health,health,reputation,father,1,2,1,yes,yes,no,yes,yes,yes,yes,yes,2,4,4,1,1,4,15,9,8,8,father,1,2,1,yes,yes,no,yes,yes,yes,2,4,4,1,1,4,2,14,12,13
266,GP,M,18,U,LE3,T,4,3,teacher,services,course,mother,2,1,0,no,no,yes,yes,yes,yes,yes,no,4,2,3,1,2,1,8,10,11,10,mother,2,1,0,no,no,no,yes,yes,no,4,2,3,1,2,1,0,10,10,10
267,GP,M,17,U,LE3,A,4,1,services,other,home,mother,2,1,0,no,no,yes,yes,yes,yes,yes,yes,4,5,4,2,4,5,30,8,8,8,mother,2,1,0,no,no,no,yes,yes,yes,4,5,4,2,4,5,22,11,11,10
268,GP,M,17,U,LE3,A,3,2,teacher,services,home,mother,1,1,1,no,no,no,no,yes,yes,yes,no,4,4,4,3,4,3,19,11,9,10,mother,1,1,0,no,no,no,no,yes,no,4,4,4,3,4,3,18,13,13,13
269,GP,F,18,R,LE3,T,1,1,at_home,other,reputation,mother,2,4,0,no,yes,yes,yes,yes,yes,no,no,5,2,2,1,1,3,1,12,12,12,mother,2,4,0,no,yes,no,yes,yes,no,5,2,2,1,1,3,2,17,17,18
270,GP,F,17,U,GT3,T,2,2,other,other,course,mother,1,2,0,no,yes,no,no,no,yes,yes,no,5,4,5,1,2,5,4,10,9,11,mother,1,2,0,no,yes,no,no,yes,no,5,4,5,1,2,5,12,12,12,14
271,GP,M,17,U,GT3,T,1,1,other,other,reputation,father,1,2,0,no,no,yes,no,no,yes,yes,no,4,3,3,1,2,4,2,12,10,11,father,1,2,0,no,no,no,no,yes,no,4,3,3,1,2,4,0,12,12,12
272,GP,F,18,U,GT3,T,2,2,at_home,at_home,other,mother,1,3,0,no,yes,yes,no,yes,yes,yes,no,4,3,3,1,2,2,5,18,18,19,mother,1,3,0,no,yes,no,no,yes,no,4,3,3,1,2,2,0,18,18,18
273,GP,F,17,U,GT3,T,1,1,services,teacher,reputation,mother,1,3,0,no,yes,yes,no,yes,yes,yes,no,4,3,3,1,1,3,6,13,12,12,mother,1,3,0,no,yes,no,no,yes,no,4,3,3,1,1,3,0,13,13,14
274,GP,M,18,U,GT3,T,2,1,services,services,reputation,mother,1,3,0,no,no,yes,yes,yes,yes,yes,no,4,2,4,1,3,2,6,15,14,14,mother,1,3,0,no,no,no,yes,yes,no,4,2,4,1,3,2,0,14,15,15
275,GP,M,18,U,LE3,A,4,4,teacher,teacher,reputation,mother,1,2,0,no,yes,yes,yes,yes,yes,yes,no,5,4,3,1,1,2,9,15,13,15,mother,1,2,0,no,yes,no,yes,yes,no,5,4,3,1,1,2,0,17,17,17
276,GP,M,18,U,GT3,T,4,2,teacher,other,home,mother,1,2,0,no,yes,yes,yes,yes,yes,yes,yes,4,3,2,1,4,5,11,12,11,11,mother,1,2,0,no,yes,no,yes,yes,yes,4,3,2,1,4,5,2,15,16,16
277,GP,F,17,U,GT3,T,4,3,health,services,reputation,mother,1,3,0,no,yes,yes,no,yes,yes,yes,no,4,2,2,1,2,3,0,15,15,15,mother,1,3,0,no,yes,no,no,yes,no,4,2,2,1,2,3,0,17,18,18
278,GP,F,17,R,LE3,T,3,1,services,other,reputation,mother,2,4,0,no,yes,yes,no,yes,yes,no,no,3,1,2,1,1,3,6,18,18,18,mother,2,4,0,no,yes,no,no,yes,no,3,1,2,1,1,3,0,18,19,19
279,GP,M,18,R,LE3,T,3,2,services,other,reputation,mother,2,3,0,no,yes,yes,yes,yes,yes,yes,no,5,4,2,1,1,4,8,14,13,14,mother,2,3,0,no,yes,no,yes,yes,no,5,4,2,1,1,4,0,14,15,15
280,GP,M,17,U,GT3,T,3,3,health,other,home,mother,1,1,0,no,yes,yes,no,yes,yes,yes,no,4,4,3,1,3,5,4,14,12,11,mother,1,1,0,no,yes,no,no,yes,no,4,4,3,1,3,5,0,14,15,15
281,GP,F,19,U,GT3,T,4,4,health,other,reputation,other,2,2,0,no,yes,yes,yes,yes,yes,yes,no,2,3,4,2,3,2,0,10,9,0,other,2,2,0,no,yes,no,yes,yes,no,2,3,4,2,3,2,2,14,13,13
282,GP,F,18,U,LE3,T,4,3,other,other,home,other,2,2,0,no,yes,yes,no,yes,yes,yes,yes,4,4,5,1,2,2,10,10,8,8,other,2,2,0,no,yes,no,no,yes,yes,4,4,5,1,2,2,0,13,14,14
283,GP,F,18,U,GT3,T,4,3,other,other,reputation,father,1,4,0,no,yes,yes,no,yes,yes,yes,no,4,3,3,1,1,3,0,14,13,14,father,1,4,0,no,yes,no,no,yes,no,4,3,3,1,1,3,0,16,17,17
284,GP,M,18,U,LE3,T,4,4,teacher,teacher,home,mother,1,1,0,no,yes,yes,no,yes,yes,yes,yes,1,4,2,2,2,1,5,16,15,16,mother,1,1,0,no,yes,no,no,yes,yes,1,4,2,2,2,1,0,18,18,17
285,GP,F,18,U,LE3,A,4,4,health,other,home,mother,1,2,0,no,yes,no,no,yes,yes,yes,yes,4,2,4,1,1,4,14,12,10,11,mother,1,2,0,no,yes,yes,no,yes,yes,4,2,4,1,1,4,0,14,15,15
286,GP,M,17,U,LE3,T,4,4,other,teacher,home,father,2,1,0,no,no,yes,no,yes,yes,yes,no,4,1,1,2,2,5,0,11,11,10,father,2,1,0,no,no,no,no,yes,no,4,1,1,2,2,5,0,12,13,13
287,GP,F,17,U,GT3,T,4,2,other,other,reputation,mother,2,3,0,no,yes,yes,no,yes,yes,yes,no,4,3,3,1,1,3,0,15,12,14,mother,2,3,0,no,yes,no,no,yes,no,4,3,3,1,1,3,0,16,16,16
288,GP,F,17,U,GT3,T,3,2,health,health,reputation,father,1,4,0,no,yes,yes,yes,no,yes,yes,no,5,2,2,1,2,5,0,17,17,18,father,1,4,0,no,yes,no,yes,yes,no,5,2,2,1,2,5,0,18,18,18
289,GP,M,20,U,GT3,A,3,2,services,other,course,other,1,1,0,no,no,no,yes,yes,yes,no,no,5,5,3,1,1,5,0,17,18,18,other,1,1,2,no,no,no,yes,yes,no,5,5,3,1,1,5,0,14,15,15
290,GP,M,19,R,GT3,T,3,3,other,services,reputation,father,1,2,1,no,no,no,yes,yes,yes,no,yes,4,5,3,1,2,5,0,15,12,12,father,1,2,0,no,no,no,yes,yes,yes,4,5,3,1,2,5,0,10,10,11
291,GP,F,18,U,GT3,T,2,1,services,other,course,mother,2,2,0,no,yes,yes,yes,yes,yes,yes,no,5,3,3,1,2,1,0,8,8,0,mother,2,2,0,no,yes,no,yes,yes,no,5,3,3,1,2,1,2,12,12,15
292,GP,F,18,U,GT3,T,4,3,other,other,course,mother,1,3,0,no,yes,yes,yes,yes,yes,yes,yes,4,3,4,1,1,5,9,9,10,9,mother,1,3,0,no,yes,no,yes,yes,yes,4,3,4,1,1,5,2,14,15,17
293,GP,F,17,R,GT3,T,3,4,at_home,services,course,father,1,3,0,no,yes,yes,yes,no,yes,yes,no,4,3,4,2,5,5,0,11,11,10,father,1,3,0,no,yes,no,yes,yes,no,4,3,4,2,5,5,2,15,15,17
294,GP,F,18,U,GT3,T,4,4,teacher,other,course,mother,1,2,0,no,yes,yes,no,yes,yes,yes,no,4,4,4,3,3,5,2,11,11,11,mother,1,2,0,no,yes,no,no,yes,no,4,4,4,3,3,5,0,12,11,13
295,GP,F,17,U,GT3,A,4,3,services,services,course,mother,1,2,0,no,yes,yes,no,yes,yes,yes,yes,5,2,2,1,2,5,23,13,13,13,mother,1,2,0,no,yes,no,no,yes,yes,5,2,2,1,2,5,14,15,14,17
296,GP,F,17,U,GT3,T,2,2,other,other,course,mother,1,2,0,no,yes,no,no,yes,yes,no,yes,4,2,2,1,1,3,12,11,9,9,mother,1,2,0,no,yes,no,no,yes,yes,4,2,2,1,1,3,4,14,13,13
297,GP,F,17,R,LE3,T,2,2,services,services,course,mother,1,3,0,no,yes,yes,yes,yes,yes,yes,no,3,3,2,2,2,3,3,11,11,11,mother,1,3,0,no,yes,no,yes,yes,no,3,3,2,2,2,3,0,11,11,10
298,GP,F,17,U,GT3,T,3,1,services,services,course,father,1,3,0,no,yes,no,no,no,yes,yes,no,3,4,3,2,3,5,1,12,14,15,father,1,3,0,no,yes,no,no,yes,no,3,4,3,2,3,5,0,17,18,17
299,GP,F,17,U,LE3,T,0,2,at_home,at_home,home,father,2,3,0,no,no,no,no,yes,yes,yes,no,3,3,3,2,3,2,0,16,15,15,father,2,3,0,no,no,no,no,yes,no,3,3,3,2,3,2,0,14,14,15
300,GP,M,18,U,GT3,T,4,4,other,other,course,mother,1,3,0,no,no,no,yes,yes,yes,yes,no,4,3,3,2,2,3,3,9,12,11,mother,1,3,0,no,no,no,yes,yes,no,4,3,3,2,2,3,0,13,14,13
301,GP,M,17,U,GT3,T,3,3,other,services,reputation,mother,1,1,0,no,no,no,yes,no,yes,yes,no,4,3,5,3,5,5,3,14,15,16,mother,1,1,0,no,no,no,yes,yes,no,4,3,5,3,5,5,0,17,18,17
302,GP,M,17,R,GT3,T,2,2,services,other,course,mother,4,1,0,no,yes,no,no,yes,yes,yes,no,4,4,5,5,5,4,8,11,10,10,mother,4,1,0,no,yes,no,no,yes,no,4,4,5,5,5,4,2,11,10,10
303,GP,F,17,U,GT3,T,4,4,teacher,teacher,course,mother,2,3,0,no,yes,yes,no,no,yes,yes,yes,4,3,3,1,2,4,4,14,14,14,mother,2,3,0,no,yes,no,no,yes,yes,4,3,3,1,2,4,4,15,14,15
304,GP,M,18,U,LE3,T,2,2,other,other,course,mother,1,4,0,no,yes,no,yes,yes,yes,yes,no,4,5,5,2,4,5,2,9,8,8,mother,1,4,0,no,yes,yes,yes,yes,no,4,5,5,2,4,5,0,11,11,12
305,GP,F,17,R,GT3,T,2,4,at_home,other,course,father,1,3,0,no,yes,no,no,yes,yes,yes,yes,4,4,3,1,1,5,7,12,14,14,father,1,3,0,no,yes,no,no,yes,yes,4,4,3,1,1,5,0,15,15,15
306,GP,F,18,U,GT3,T,3,3,services,services,home,mother,1,2,0,no,no,no,yes,yes,yes,yes,no,5,3,4,1,1,4,0,7,0,0,mother,1,2,0,no,no,no,yes,yes,no,5,3,4,1,1,4,8,10,11,12
307,GP,F,18,U,LE3,T,2,2,other,other,home,other,1,2,0,no,no,no,yes,no,yes,yes,yes,4,3,3,1,1,2,0,8,8,0,other,1,2,0,no,no,no,yes,yes,yes,4,3,3,1,1,2,0,10,9,12
308,GP,F,18,R,GT3,T,2,2,at_home,other,course,mother,2,4,0,no,no,no,yes,yes,yes,no,no,4,4,4,1,1,4,0,10,9,0,mother,2,4,0,no,no,no,yes,yes,no,4,4,4,1,1,4,6,14,13,14
309,GP,F,17,U,GT3,T,3,4,services,other,course,mother,1,3,0,no,no,no,no,yes,yes,yes,no,4,4,5,1,3,5,16,16,15,15,mother,1,3,0,no,no,no,no,yes,no,4,4,5,1,3,5,8,11,13,14
310,GP,F,17,U,GT3,T,3,2,other,other,home,mother,1,2,0,no,yes,yes,no,yes,yes,yes,yes,4,3,2,2,3,2,0,7,8,0,mother,1,2,0,no,yes,no,no,yes,yes,4,3,2,2,3,2,0,12,13,15
311,GP,F,18,U,LE3,T,3,3,services,services,home,mother,1,4,0,no,yes,no,no,yes,yes,yes,no,5,3,3,1,1,1,7,16,15,17,mother,1,4,0,no,yes,no,no,yes,no,5,3,3,1,1,1,4,14,14,15
312,GP,F,17,R,GT3,A,3,2,other,other,home,mother,1,2,0,no,yes,yes,no,yes,yes,yes,no,4,3,3,2,3,2,4,9,10,10,mother,1,2,0,no,yes,no,no,yes,no,4,3,3,2,3,2,0,14,14,16
313,GP,M,18,U,LE3,T,3,4,services,other,home,mother,1,2,0,no,no,no,yes,yes,yes,yes,yes,4,3,3,1,3,5,11,16,15,15,mother,1,2,0,no,no,no,yes,yes,yes,4,3,3,1,3,5,6,16,16,17
314,GP,F,17,U,GT3,A,2,2,at_home,at_home,home,father,1,2,1,no,yes,no,no,yes,yes,yes,yes,3,3,1,1,2,4,0,9,8,0,father,1,2,0,no,yes,no,no,yes,yes,3,3,1,1,2,4,18,10,12,14
315,GP,F,18,U,GT3,T,2,3,at_home,other,course,mother,1,3,0,no,yes,no,no,yes,yes,yes,no,4,3,3,1,2,3,4,11,10,10,mother,1,3,0,no,yes,no,no,yes,no,4,3,3,1,2,3,0,11,12,14
316,GP,F,18,U,GT3,T,3,2,other,services,other,mother,1,3,0,no,no,no,no,yes,yes,yes,yes,5,4,3,2,3,1,7,13,13,14,mother,1,3,0,no,no,no,no,yes,yes,5,4,3,2,3,1,4,14,16,17
317,GP,M,18,R,GT3,T,4,3,teacher,services,course,mother,1,3,0,no,no,no,no,yes,yes,yes,yes,5,3,2,1,2,4,9,16,15,16,mother,1,3,0,no,no,no,no,yes,yes,5,3,2,1,2,4,4,15,14,17
318,GP,M,18,U,GT3,T,4,3,teacher,other,course,mother,1,3,0,no,yes,yes,no,yes,yes,yes,yes,5,4,5,2,3,5,0,10,10,9,mother,1,3,0,no,yes,no,no,yes,yes,5,4,5,2,3,5,0,14,13,14
319,GP,F,17,U,GT3,T,4,3,health,other,reputation,mother,1,3,0,no,yes,yes,yes,yes,yes,yes,yes,4,4,3,1,3,4,0,13,15,15,mother,1,3,0,no,yes,no,yes,yes,yes,4,4,3,1,3,4,0,11,12,13
320,MS,M,18,R,GT3,T,3,2,other,other,course,mother,2,1,1,no,yes,no,no,no,yes,yes,no,2,5,5,5,5,5,10,11,13,13,mother,2,1,0,no,yes,no,no,yes,no,2,5,5,5,5,5,8,9,10,11
321,MS,M,19,R,GT3,T,1,1,other,services,home,other,3,2,3,no,no,no,no,yes,yes,yes,no,5,4,4,3,3,2,8,8,7,8,other,3,2,1,no,no,no,no,yes,no,5,4,4,3,3,2,8,10,9,11
322,MS,M,17,U,GT3,T,3,3,health,other,course,mother,2,2,0,no,yes,yes,no,yes,yes,yes,no,4,5,4,2,3,3,2,13,13,13,mother,2,2,1,no,yes,no,no,yes,no,4,5,4,2,3,3,4,8,9,10
323,MS,M,18,U,LE3,T,1,3,at_home,services,course,mother,1,1,1,no,no,no,no,yes,no,yes,yes,4,3,3,2,3,3,7,8,7,8,mother,1,1,0,no,no,no,no,no,yes,4,3,3,2,3,3,0,9,10,9
324,MS,M,19,R,GT3,T,1,1,other,other,home,other,3,1,1,no,yes,no,no,yes,yes,yes,no,4,4,4,3,3,5,4,8,8,8,other,3,1,1,no,yes,no,no,yes,no,4,4,4,3,3,5,4,8,9,10
325,MS,M,17,R,GT3,T,4,3,services,other,home,mother,2,2,0,no,yes,yes,yes,no,yes,yes,yes,4,5,5,1,3,2,4,13,11,11,mother,2,2,1,no,yes,yes,yes,yes,yes,4,5,5,1,3,2,4,10,11,11
326,MS,F,18,U,GT3,T,3,3,services,services,course,father,1,2,0,no,yes,no,no,yes,yes,no,yes,5,3,4,1,1,5,0,10,9,9,father,1,2,0,no,yes,no,no,yes,yes,5,3,4,1,1,5,0,10,10,10
327,MS,F,17,R,GT3,T,4,4,teacher,services,other,father,2,2,0,no,yes,yes,yes,yes,yes,yes,no,4,3,3,1,2,5,4,12,13,13,father,2,2,0,no,yes,yes,yes,yes,no,4,3,3,1,2,5,2,12,12,12
328,MS,F,17,U,LE3,A,3,2,services,other,reputation,mother,2,2,0,no,no,no,no,yes,yes,no,yes,1,2,3,1,2,5,2,12,12,11,mother,2,2,0,no,no,no,no,yes,yes,1,2,3,1,2,5,0,15,14,15
329,MS,M,18,U,LE3,T,1,1,other,services,home,father,2,1,0,no,no,no,no,no,yes,yes,yes,3,3,2,1,2,3,4,10,10,10,father,2,1,0,no,no,no,no,yes,yes,3,3,2,1,2,3,2,14,13,14
330,MS,F,18,U,LE3,T,1,1,at_home,services,course,father,2,3,0,no,no,no,no,yes,yes,yes,no,5,3,2,1,1,4,0,18,16,16,father,2,3,0,no,no,no,no,yes,no,5,3,2,1,1,4,0,19,17,18
331,MS,F,18,U,GT3,T,3,3,services,services,other,mother,2,2,0,no,yes,no,no,yes,yes,yes,yes,4,3,2,1,3,3,0,11,11,10,mother,2,2,0,no,yes,no,no,yes,yes,4,3,2,1,3,3,6,13,12,13
332,MS,F,17,U,LE3,T,4,4,at_home,at_home,course,mother,1,2,0,no,yes,yes,yes,yes,yes,yes,yes,2,3,4,1,1,1,0,16,15,15,mother,1,2,0,no,yes,no,yes,yes,yes,2,3,4,1,1,1,4,15,14,15
333,MS,F,17,R,GT3,T,1,2,other,services,course,father,2,2,0,no,no,no,no,no,yes,no,no,3,2,2,1,2,3,0,12,11,12,father,2,2,0,no,no,no,no,yes,no,3,2,2,1,2,3,0,13,13,13
334,MS,M,18,R,GT3,T,1,3,at_home,other,course,mother,2,2,0,no,yes,yes,no,yes,yes,no,no,3,3,4,2,4,3,4,10,10,10,mother,2,2,0,no,yes,yes,no,yes,no,3,3,4,2,4,3,0,8,10,9
335,MS,M,18,U,LE3,T,4,4,teacher,services,other,mother,2,3,0,no,no,yes,no,yes,yes,yes,yes,4,2,2,2,2,5,0,13,13,13,mother,2,3,0,no,no,no,no,yes,yes,4,2,2,2,2,5,0,15,16,16
336,MS,F,17,R,GT3,T,1,1,other,services,reputation,mother,3,1,1,no,yes,yes,no,yes,yes,yes,yes,5,2,1,1,2,1,0,7,6,0,mother,3,1,1,no,yes,no,no,yes,yes,5,2,1,1,2,1,0,8,8,9
337,MS,F,18,U,GT3,T,2,3,at_home,services,course,father,2,1,0,no,yes,yes,no,yes,yes,yes,yes,5,2,3,1,2,4,0,11,10,10,father,2,1,0,no,yes,no,no,yes,yes,5,2,3,1,2,4,0,10,10,10
338,MS,F,18,R,GT3,T,4,4,other,teacher,other,father,3,2,0,no,yes,yes,no,no,yes,yes,yes,3,2,2,4,2,5,10,14,12,11,father,3,2,0,no,yes,no,no,yes,yes,3,2,2,4,2,5,0,7,5,0
339,MS,M,18,R,LE3,T,1,2,at_home,services,other,father,3,1,0,no,yes,yes,yes,yes,no,yes,yes,4,3,3,2,3,3,3,14,12,12,father,3,1,0,no,yes,no,yes,no,yes,4,3,3,2,3,3,3,9,10,10
340,MS,F,17,U,GT3,T,2,2,other,at_home,home,mother,1,3,0,no,no,no,yes,yes,yes,no,yes,3,4,3,1,1,3,8,13,11,11,mother,1,3,0,no,no,no,yes,yes,yes,3,4,3,1,1,3,8,10,11,12
341,MS,F,17,R,GT3,T,1,2,other,other,course,mother,1,1,0,no,no,no,yes,yes,yes,yes,no,3,5,5,1,3,1,14,6,5,5,mother,1,1,0,no,no,no,yes,yes,no,3,5,5,1,3,1,4,7,8,9
342,MS,F,18,R,LE3,T,4,4,other,other,reputation,mother,2,3,0,no,no,no,no,yes,yes,yes,no,5,4,4,1,1,1,0,19,18,19,mother,2,3,0,no,no,no,no,yes,no,5,4,4,1,1,1,0,15,17,17
343,MS,F,18,R,GT3,T,1,1,other,other,home,mother,4,3,0,no,no,no,no,yes,yes,yes,no,4,3,2,1,2,4,2,8,8,10,mother,4,3,0,no,no,no,no,yes,no,4,3,2,1,2,4,4,10,11,12
344,MS,F,18,R,LE3,T,4,4,teacher,services,course,mother,1,2,0,no,no,yes,yes,yes,yes,yes,no,5,4,3,3,4,2,4,8,9,10,mother,1,2,0,no,no,no,yes,yes,no,5,4,3,3,4,2,1,13,14,14
345,MS,F,18,U,GT3,T,3,3,other,other,home,mother,1,2,0,no,no,yes,no,yes,yes,yes,yes,4,1,3,1,2,1,0,15,15,15,mother,1,2,0,no,no,no,no,yes,yes,4,1,3,1,2,1,1,16,16,16
346,MS,F,17,R,GT3,T,3,1,at_home,other,reputation,mother,1,2,0,no,yes,yes,yes,no,yes,yes,no,4,5,4,2,3,1,17,10,10,10,mother,1,2,0,no,yes,no,yes,yes,no,4,5,4,2,3,1,10,8,9,9
347,MS,M,18,U,GT3,T,4,4,teacher,teacher,home,father,1,2,0,no,no,yes,yes,no,yes,yes,no,3,2,4,1,4,2,4,15,14,14,father,1,2,0,no,no,no,yes,yes,no,3,2,4,1,4,2,4,17,18,19
348,MS,M,18,R,GT3,T,2,1,other,other,other,mother,2,1,0,no,no,no,yes,no,yes,yes,yes,4,4,3,1,3,5,5,7,6,7,mother,2,1,0,no,no,no,yes,yes,yes,4,4,3,1,3,5,0,7,7,0
349,MS,M,17,U,GT3,T,2,3,other,services,home,father,2,2,0,no,no,no,yes,yes,yes,yes,no,4,4,3,1,1,3,2,11,11,10,father,2,2,0,no,no,no,yes,yes,no,4,4,3,1,1,3,4,14,15,16
350,MS,M,19,R,GT3,T,1,1,other,services,other,mother,2,1,1,no,no,no,no,yes,yes,no,no,4,3,2,1,3,5,0,6,5,0,mother,2,1,1,no,no,no,no,yes,no,4,3,2,1,3,5,0,5,8,0
351,MS,M,18,R,GT3,T,4,2,other,other,home,father,2,1,1,no,no,yes,no,yes,yes,no,no,5,4,3,4,3,3,14,6,5,5,father,2,1,1,no,no,yes,no,yes,no,5,4,3,4,3,3,0,7,7,0
352,MS,F,18,R,GT3,T,2,2,at_home,other,other,mother,2,3,0,no,no,yes,no,yes,yes,no,no,5,3,3,1,3,4,2,10,9,10,mother,2,3,0,no,no,no,no,yes,no,5,3,3,1,3,4,0,14,17,15
353,MS,F,18,R,GT3,T,4,4,teacher,at_home,reputation,mother,3,1,0,no,yes,yes,yes,yes,yes,yes,yes,4,4,3,2,2,5,7,6,5,6,mother,3,1,0,no,yes,no,yes,yes,yes,4,4,3,2,2,5,4,7,9,10
354,MS,F,19,R,GT3,T,2,3,services,other,course,mother,1,3,1,no,no,no,yes,no,yes,yes,no,5,4,2,1,2,5,0,7,5,0,mother,1,3,1,no,no,no,yes,yes,no,5,4,2,1,2,5,4,10,11,10
355,MS,F,18,U,LE3,T,3,1,teacher,services,course,mother,1,2,0,no,yes,yes,no,yes,yes,yes,no,4,3,4,1,1,1,0,7,9,8,mother,1,2,0,no,yes,no,no,yes,no,4,3,4,1,1,1,4,15,15,16
356,MS,M,17,U,LE3,T,3,1,services,services,course,mother,2,1,0,no,no,no,no,no,yes,yes,no,2,4,5,3,4,2,3,14,16,16,mother,2,1,0,no,no,no,no,yes,no,2,4,5,3,4,2,6,10,10,10
357,MS,M,18,R,LE3,T,3,2,services,other,course,mother,3,1,0,no,no,no,no,no,yes,yes,no,4,4,1,3,4,5,0,11,12,10,mother,3,1,0,no,no,no,no,yes,no,4,4,1,3,4,5,4,10,11,11
